batch,time,a
Train_1,0,-0.2
Train_1,0.1,-0.2
Train_1,0.2,-0.2
Train_1,0.3,-0.2
Train_1,0.4,-0.2
Train_1,0.5,-0.2
Train_1,0.6,-0.2
Train_1,0.7,-0.2
Train_1,0.8,-0.2
Train_1,0.9,-0.2
Train_1,1,-0.2
Train_1,1.1,-0.2
Train_1,1.2,-0.2
Train_1,1.3,-0.2
Train_1,1.4,-0.2
Train_1,1.5,-0.2
Train_1,1.6,-0.2
Train_1,1.7,-0.2
Train_1,1.8,-0.2
Train_1,1.9,-0.2
Train_1,2,-0.2
Train_1,2.1,-0.2
Train_1,2.2,-0.2
Train_1,2.3,-0.2
Train_1,2.4,-0.2
Train_1,2.5,-0.2
Train_1,2.6,-0.2
Train_1,2.7,-0.2
Train_1,2.8,-0.2
Train_1,2.9,-0.2
Train_1,3,-0.2
Train_1,3.1,-0.2
Train_1,3.2,-0.2
Train_1,3.3,-0.2
Train_1,3.4,-0.2
Train_1,3.5,-0.2
Train_1,3.6,-0.2
Train_1,3.7,-0.2
Train_1,3.8,-0.2
Train_1,3.9,-0.2
Train_1,4,-0.2
Train_1,4.1,-0.2
Train_1,4.2,-0.2
Train_1,4.3,-0.2
Train_1,4.4,-0.2
Train_1,4.5,-0.2
Train_1,4.6,-0.2
Train_1,4.7,-0.2
Train_1,4.8,-0.2
Train_1,4.9,-0.2
Train_1,5,-0.2
Train_1,5.1,-0.2
Train_1,5.2,-0.2
Train_1,5.3,-0.2
Train_1,5.4,-0.2
Train_1,5.5,-0.2
Train_1,5.6,-0.2
Train_1,5.7,-0.2
Train_1,5.8,-0.2
Train_1,5.9,-0.2
Train_1,6,-0.2
Train_1,6.1,-0.2
Train_1,6.2,-0.2
Train_1,6.3,-0.2
Train_1,6.4,-0.2
Train_1,6.5,-0.2
Train_1,6.6,-0.2
Train_1,6.7,-0.2
Train_1,6.8,-0.2
Train_1,6.9,-0.2
Train_1,7,-0.2
Train_1,7.1,-0.2
Train_1,7.2,-0.2
Train_1,7.3,-0.2
Train_1,7.4,-0.2
Train_1,7.5,-0.2
Train_1,7.6,-0.2
Train_1,7.7,-0.2
Train_1,7.8,-0.2
Train_1,7.9,-0.2
Train_1,8,-0.2
Train_1,8.1,-0.2
Train_1,8.2,-0.2
Train_1,8.3,-0.2
Train_1,8.4,-0.2
Train_1,8.5,-0.2
Train_1,8.6,-0.2
Train_1,8.7,-0.2
Train_1,8.8,-0.2
Train_1,8.9,-0.2
Train_1,9,-0.2
Train_1,9.1,-0.2
Train_1,9.2,-0.2
Train_1,9.3,-0.2
Train_1,9.4,-0.2
Train_1,9.5,-0.2
Train_1,9.6,-0.2
Train_1,9.7,-0.2
Train_1,9.8,-0.2
Train_1,9.9,-0.2
Train_1,10,-0.2
Train_1,10.1,-0.2
Train_1,10.2,-0.2
Train_1,10.3,-0.2
Train_1,10.4,-0.2
Train_1,10.5,-0.2
Train_1,10.6,-0.2
Train_1,10.7,-0.2
Train_1,10.8,-0.2
Train_1,10.9,-0.2
Train_1,11,-0.2
Train_1,11.1,-0.2
Train_1,11.2,-0.2
Train_1,11.3,-0.2
Train_1,11.4,-0.2
Train_1,11.5,-0.2
Train_1,11.6,-0.2
Train_1,11.7,-0.2
Train_1,11.8,-0.2
Train_1,11.9,-0.2
Train_1,12,-0.2
Train_1,12.1,-0.2
Train_1,12.2,-0.2
Train_1,12.3,-0.2
Train_1,12.4,-0.2
Train_1,12.5,-0.2
Train_1,12.6,-0.2
Train_1,12.7,-0.2
Train_1,12.8,-0.2
Train_1,12.9,-0.2
Train_1,13,-0.2
Train_1,13.1,-0.2
Train_1,13.2,-0.2
Train_1,13.3,-0.2
Train_1,13.4,-0.2
Train_1,13.5,-0.2
Train_1,13.6,-0.2
Train_1,13.7,-0.2
Train_1,13.8,-0.2
Train_1,13.9,-0.2
Train_1,14,-0.2
Train_1,14.1,-0.2
Train_1,14.2,-0.2
Train_1,14.3,-0.2
Train_1,14.4,-0.2
Train_1,14.5,-0.2
Train_1,14.6,-0.2
Train_1,14.7,-0.2
Train_1,14.8,-0.2
Train_1,14.9,-0.2
Train_1,15,-0.2
Train_1,15.1,-0.2
Train_1,15.2,-0.2
Train_1,15.3,-0.2
Train_1,15.4,-0.2
Train_1,15.5,-0.2
Train_1,15.6,-0.2
Train_1,15.7,-0.2
Train_1,15.8,-0.2
Train_1,15.9,-0.2
Train_1,16,-0.2
Train_1,16.1,-0.2
Train_1,16.2,-0.2
Train_1,16.3,-0.2
Train_1,16.4,-0.2
Train_1,16.5,-0.2
Train_1,16.6,-0.2
Train_1,16.7,-0.2
Train_1,16.8,-0.2
Train_1,16.9,-0.2
Train_1,17,-0.2
Train_1,17.1,-0.2
Train_1,17.2,-0.2
Train_1,17.3,-0.2
Train_1,17.4,-0.2
Train_1,17.5,-0.2
Train_1,17.6,-0.2
Train_1,17.7,-0.2
Train_1,17.8,-0.2
Train_1,17.9,-0.2
Train_1,18,-0.2
Train_1,18.1,-0.2
Train_1,18.2,-0.2
Train_1,18.3,-0.2
Train_1,18.4,-0.2
Train_1,18.5,-0.2
Train_1,18.6,-0.2
Train_1,18.7,-0.2
Train_1,18.8,-0.2
Train_1,18.9,-0.2
Train_1,19,-0.2
Train_1,19.1,-0.2
Train_1,19.2,-0.2
Train_1,19.3,-0.2
Train_1,19.4,-0.2
Train_1,19.5,-0.2
Train_1,19.6,-0.2
Train_1,19.7,-0.2
Train_1,19.8,-0.2
Train_1,19.9,-0.2
Train_1,20,-0.2
Train_1,20.1,-0.2
Train_1,20.2,-0.2
Train_1,20.3,-0.2
Train_1,20.4,-0.2
Train_1,20.5,-0.2
Train_1,20.6,-0.2
Train_1,20.7,-0.2
Train_1,20.8,-0.2
Train_1,20.9,-0.2
Train_1,21,-0.2
Train_1,21.1,-0.2
Train_1,21.2,-0.2
Train_1,21.3,-0.2
Train_1,21.4,-0.2
Train_1,21.5,-0.2
Train_1,21.6,-0.2
Train_1,21.7,-0.2
Train_1,21.8,-0.2
Train_1,21.9,-0.2
Train_1,22,-0.2
Train_1,22.1,-0.2
Train_1,22.2,-0.2
Train_1,22.3,-0.2
Train_1,22.4,-0.2
Train_1,22.5,-0.2
Train_1,22.6,-0.2
Train_1,22.7,-0.2
Train_1,22.8,-0.2
Train_1,22.9,-0.2
Train_1,23,-0.2
Train_1,23.1,-0.2
Train_1,23.2,-0.2
Train_1,23.3,-0.2
Train_1,23.4,-0.2
Train_1,23.5,-0.2
Train_1,23.6,-0.2
Train_1,23.7,-0.2
Train_1,23.8,-0.2
Train_1,23.9,-0.2
Train_1,24,-0.2
Train_1,24.1,-0.2
Train_1,24.2,-0.2
Train_1,24.3,-0.2
Train_1,24.4,-0.2
Train_1,24.5,-0.2
Train_1,24.6,-0.2
Train_1,24.7,-0.2
Train_1,24.8,-0.2
Train_1,24.9,-0.2
Train_1,25,-0.2
Train_1,25.1,-0.2
Train_1,25.2,-0.2
Train_1,25.3,-0.2
Train_1,25.4,-0.2
Train_1,25.5,-0.2
Train_1,25.6,-0.2
Train_1,25.7,-0.2
Train_1,25.8,-0.2
Train_1,25.9,-0.2
Train_1,26,-0.2
Train_1,26.1,-0.2
Train_1,26.2,-0.2
Train_1,26.3,-0.2
Train_1,26.4,-0.2
Train_1,26.5,-0.2
Train_1,26.6,-0.2
Train_1,26.7,-0.2
Train_1,26.8,-0.2
Train_1,26.9,-0.2
Train_1,27,-0.2
Train_1,27.1,-0.2
Train_1,27.2,-0.2
Train_1,27.3,-0.2
Train_1,27.4,-0.2
Train_1,27.5,-0.2
Train_1,27.6,-0.2
Train_1,27.7,-0.2
Train_1,27.8,-0.2
Train_1,27.9,-0.2
Train_1,28,-0.2
Train_1,28.1,-0.2
Train_1,28.2,-0.2
Train_1,28.3,-0.2
Train_1,28.4,-0.2
Train_1,28.5,-0.2
Train_1,28.6,-0.2
Train_1,28.7,-0.2
Train_1,28.8,-0.2
Train_1,28.9,-0.2
Train_1,29,-0.2
Train_1,29.1,-0.2
Train_1,29.2,-0.2
Train_1,29.3,-0.2
Train_1,29.4,-0.2
Train_1,29.5,-0.2
Train_1,29.6,-0.2
Train_1,29.7,-0.2
Train_1,29.8,-0.2
Train_1,29.9,-0.2
Train_1,30,-0.2
Train_1,30.1,-0.2
Train_1,30.2,-0.2
Train_1,30.3,-0.2
Train_1,30.4,-0.2
Train_1,30.5,-0.2
Train_1,30.6,-0.2
Train_1,30.7,-0.2
Train_1,30.8,-0.2
Train_1,30.9,-0.2
Train_1,31,-0.2
Train_1,31.1,-0.2
Train_1,31.2,-0.2
Train_1,31.3,-0.2
Train_1,31.4,-0.2
Train_1,31.5,-0.2
Train_1,31.6,-0.2
Train_1,31.7,-0.2
Train_1,31.8,-0.2
Train_1,31.9,-0.2
Train_1,32,-0.2
Train_1,32.1,-0.2
Train_1,32.2,-0.2
Train_1,32.3,-0.2
Train_1,32.4,-0.2
Train_1,32.5,-0.2
Train_1,32.6,-0.2
Train_1,32.7,-0.2
Train_1,32.8,-0.2
Train_1,32.9,-0.2
Train_1,33,-0.2
Train_1,33.1,-0.2
Train_1,33.2,-0.2
Train_1,33.3,-0.2
Train_1,33.4,-0.2
Train_1,33.5,-0.2
Train_1,33.6,-0.2
Train_1,33.7,-0.2
Train_1,33.8,-0.2
Train_1,33.9,-0.2
Train_1,34,-0.2
Train_1,34.1,-0.2
Train_1,34.2,-0.2
Train_1,34.3,-0.2
Train_1,34.4,-0.2
Train_1,34.5,-0.2
Train_1,34.6,-0.2
Train_1,34.7,-0.2
Train_1,34.8,-0.2
Train_1,34.9,-0.2
Train_1,35,-0.2
Train_1,35.1,-0.2
Train_1,35.2,-0.2
Train_1,35.3,-0.2
Train_1,35.4,-0.2
Train_1,35.5,-0.2
Train_1,35.6,-0.2
Train_1,35.7,-0.2
Train_1,35.8,-0.2
Train_1,35.9,-0.2
Train_1,36,-0.2
Train_1,36.1,-0.2
Train_1,36.2,-0.2
Train_1,36.3,-0.2
Train_1,36.4,-0.2
Train_1,36.5,-0.2
Train_1,36.6,-0.2
Train_1,36.7,-0.2
Train_1,36.8,-0.2
Train_1,36.9,-0.2
Train_1,37,-0.2
Train_1,37.1,-0.2
Train_1,37.2,-0.2
Train_1,37.3,-0.2
Train_1,37.4,-0.2
Train_1,37.5,-0.2
Train_1,37.6,-0.2
Train_1,37.7,-0.2
Train_1,37.8,-0.2
Train_1,37.9,-0.2
Train_1,38,-0.2
Train_1,38.1,-0.2
Train_1,38.2,-0.2
Train_1,38.3,-0.2
Train_1,38.4,-0.2
Train_1,38.5,-0.2
Train_1,38.6,-0.2
Train_1,38.7,-0.2
Train_1,38.8,-0.2
Train_1,38.9,-0.2
Train_1,39,-0.2
Train_1,39.1,-0.2
Train_1,39.2,-0.2
Train_1,39.3,-0.2
Train_1,39.4,-0.2
Train_1,39.5,-0.2
Train_1,39.6,-0.2
Train_1,39.7,-0.2
Train_1,39.8,-0.2
Train_1,39.9,-0.2
Train_1,40,-0.2
Train_1,40.1,-0.2
Train_1,40.2,-0.2
Train_1,40.3,-0.2
Train_1,40.4,-0.2
Train_1,40.5,-0.2
Train_1,40.6,-0.2
Train_1,40.7,-0.2
Train_1,40.8,-0.2
Train_1,40.9,-0.2
Train_1,41,-0.2
Train_1,41.1,-0.2
Train_1,41.2,-0.2
Train_1,41.3,-0.2
Train_1,41.4,-0.2
Train_1,41.5,-0.2
Train_1,41.6,-0.2
Train_1,41.7,-0.2
Train_1,41.8,-0.2
Train_1,41.9,-0.2
Train_1,42,-0.2
Train_1,42.1,-0.2
Train_1,42.2,-0.2
Train_1,42.3,-0.2
Train_1,42.4,-0.2
Train_1,42.5,-0.2
Train_1,42.6,-0.2
Train_1,42.7,-0.2
Train_1,42.8,-0.2
Train_1,42.9,-0.2
Train_1,43,-0.2
Train_1,43.1,-0.2
Train_1,43.2,-0.2
Train_1,43.3,-0.2
Train_1,43.4,-0.2
Train_1,43.5,-0.2
Train_1,43.6,-0.2
Train_1,43.7,-0.2
Train_1,43.8,-0.2
Train_1,43.9,-0.2
Train_1,44,-0.2
Train_1,44.1,-0.2
Train_1,44.2,-0.2
Train_1,44.3,-0.2
Train_1,44.4,-0.2
Train_1,44.5,-0.2
Train_1,44.6,-0.2
Train_1,44.7,-0.2
Train_1,44.8,-0.2
Train_1,44.9,-0.2
Train_1,45,-0.2
Train_1,45.1,-0.2
Train_1,45.2,-0.2
Train_1,45.3,-0.2
Train_1,45.4,-0.2
Train_1,45.5,-0.2
Train_1,45.6,-0.2
Train_1,45.7,-0.2
Train_1,45.8,-0.2
Train_1,45.9,-0.2
Train_1,46,-0.2
Train_1,46.1,-0.2
Train_1,46.2,-0.2
Train_1,46.3,-0.2
Train_1,46.4,-0.2
Train_1,46.5,-0.2
Train_1,46.6,-0.2
Train_1,46.7,-0.2
Train_1,46.8,-0.2
Train_1,46.9,-0.2
Train_1,47,-0.2
Train_1,47.1,-0.2
Train_1,47.2,-0.2
Train_1,47.3,-0.2
Train_1,47.4,-0.2
Train_1,47.5,-0.2
Train_1,47.6,-0.2
Train_1,47.7,-0.2
Train_1,47.8,-0.2
Train_1,47.9,-0.2
Train_1,48,-0.2
Train_1,48.1,-0.2
Train_1,48.2,-0.2
Train_1,48.3,-0.2
Train_1,48.4,-0.2
Train_1,48.5,-0.2
Train_1,48.6,-0.2
Train_1,48.7,-0.2
Train_1,48.8,-0.2
Train_1,48.9,-0.2
Train_1,49,-0.2
Train_1,49.1,-0.2
Train_1,49.2,-0.2
Train_1,49.3,-0.2
Train_1,49.4,-0.2
Train_1,49.5,-0.2
Train_1,49.6,-0.2
Train_1,49.7,-0.2
Train_1,49.8,-0.2
Train_1,49.9,-0.2
Train_2,0,-0.15
Train_2,0.1,-0.15
Train_2,0.2,-0.15
Train_2,0.3,-0.15
Train_2,0.4,-0.15
Train_2,0.5,-0.15
Train_2,0.6,-0.15
Train_2,0.7,-0.15
Train_2,0.8,-0.15
Train_2,0.9,-0.15
Train_2,1,-0.15
Train_2,1.1,-0.15
Train_2,1.2,-0.15
Train_2,1.3,-0.15
Train_2,1.4,-0.15
Train_2,1.5,-0.15
Train_2,1.6,-0.15
Train_2,1.7,-0.15
Train_2,1.8,-0.15
Train_2,1.9,-0.15
Train_2,2,-0.15
Train_2,2.1,-0.15
Train_2,2.2,-0.15
Train_2,2.3,-0.15
Train_2,2.4,-0.15
Train_2,2.5,-0.15
Train_2,2.6,-0.15
Train_2,2.7,-0.15
Train_2,2.8,-0.15
Train_2,2.9,-0.15
Train_2,3,-0.15
Train_2,3.1,-0.15
Train_2,3.2,-0.15
Train_2,3.3,-0.15
Train_2,3.4,-0.15
Train_2,3.5,-0.15
Train_2,3.6,-0.15
Train_2,3.7,-0.15
Train_2,3.8,-0.15
Train_2,3.9,-0.15
Train_2,4,-0.15
Train_2,4.1,-0.15
Train_2,4.2,-0.15
Train_2,4.3,-0.15
Train_2,4.4,-0.15
Train_2,4.5,-0.15
Train_2,4.6,-0.15
Train_2,4.7,-0.15
Train_2,4.8,-0.15
Train_2,4.9,-0.15
Train_2,5,-0.15
Train_2,5.1,-0.15
Train_2,5.2,-0.15
Train_2,5.3,-0.15
Train_2,5.4,-0.15
Train_2,5.5,-0.15
Train_2,5.6,-0.15
Train_2,5.7,-0.15
Train_2,5.8,-0.15
Train_2,5.9,-0.15
Train_2,6,-0.15
Train_2,6.1,-0.15
Train_2,6.2,-0.15
Train_2,6.3,-0.15
Train_2,6.4,-0.15
Train_2,6.5,-0.15
Train_2,6.6,-0.15
Train_2,6.7,-0.15
Train_2,6.8,-0.15
Train_2,6.9,-0.15
Train_2,7,-0.15
Train_2,7.1,-0.15
Train_2,7.2,-0.15
Train_2,7.3,-0.15
Train_2,7.4,-0.15
Train_2,7.5,-0.15
Train_2,7.6,-0.15
Train_2,7.7,-0.15
Train_2,7.8,-0.15
Train_2,7.9,-0.15
Train_2,8,-0.15
Train_2,8.1,-0.15
Train_2,8.2,-0.15
Train_2,8.3,-0.15
Train_2,8.4,-0.15
Train_2,8.5,-0.15
Train_2,8.6,-0.15
Train_2,8.7,-0.15
Train_2,8.8,-0.15
Train_2,8.9,-0.15
Train_2,9,-0.15
Train_2,9.1,-0.15
Train_2,9.2,-0.15
Train_2,9.3,-0.15
Train_2,9.4,-0.15
Train_2,9.5,-0.15
Train_2,9.6,-0.15
Train_2,9.7,-0.15
Train_2,9.8,-0.15
Train_2,9.9,-0.15
Train_2,10,-0.15
Train_2,10.1,-0.15
Train_2,10.2,-0.15
Train_2,10.3,-0.15
Train_2,10.4,-0.15
Train_2,10.5,-0.15
Train_2,10.6,-0.15
Train_2,10.7,-0.15
Train_2,10.8,-0.15
Train_2,10.9,-0.15
Train_2,11,-0.15
Train_2,11.1,-0.15
Train_2,11.2,-0.15
Train_2,11.3,-0.15
Train_2,11.4,-0.15
Train_2,11.5,-0.15
Train_2,11.6,-0.15
Train_2,11.7,-0.15
Train_2,11.8,-0.15
Train_2,11.9,-0.15
Train_2,12,-0.15
Train_2,12.1,-0.15
Train_2,12.2,-0.15
Train_2,12.3,-0.15
Train_2,12.4,-0.15
Train_2,12.5,-0.15
Train_2,12.6,-0.15
Train_2,12.7,-0.15
Train_2,12.8,-0.15
Train_2,12.9,-0.15
Train_2,13,-0.15
Train_2,13.1,-0.15
Train_2,13.2,-0.15
Train_2,13.3,-0.15
Train_2,13.4,-0.15
Train_2,13.5,-0.15
Train_2,13.6,-0.15
Train_2,13.7,-0.15
Train_2,13.8,-0.15
Train_2,13.9,-0.15
Train_2,14,-0.15
Train_2,14.1,-0.15
Train_2,14.2,-0.15
Train_2,14.3,-0.15
Train_2,14.4,-0.15
Train_2,14.5,-0.15
Train_2,14.6,-0.15
Train_2,14.7,-0.15
Train_2,14.8,-0.15
Train_2,14.9,-0.15
Train_2,15,-0.15
Train_2,15.1,-0.15
Train_2,15.2,-0.15
Train_2,15.3,-0.15
Train_2,15.4,-0.15
Train_2,15.5,-0.15
Train_2,15.6,-0.15
Train_2,15.7,-0.15
Train_2,15.8,-0.15
Train_2,15.9,-0.15
Train_2,16,-0.15
Train_2,16.1,-0.15
Train_2,16.2,-0.15
Train_2,16.3,-0.15
Train_2,16.4,-0.15
Train_2,16.5,-0.15
Train_2,16.6,-0.15
Train_2,16.7,-0.15
Train_2,16.8,-0.15
Train_2,16.9,-0.15
Train_2,17,-0.15
Train_2,17.1,-0.15
Train_2,17.2,-0.15
Train_2,17.3,-0.15
Train_2,17.4,-0.15
Train_2,17.5,-0.15
Train_2,17.6,-0.15
Train_2,17.7,-0.15
Train_2,17.8,-0.15
Train_2,17.9,-0.15
Train_2,18,-0.15
Train_2,18.1,-0.15
Train_2,18.2,-0.15
Train_2,18.3,-0.15
Train_2,18.4,-0.15
Train_2,18.5,-0.15
Train_2,18.6,-0.15
Train_2,18.7,-0.15
Train_2,18.8,-0.15
Train_2,18.9,-0.15
Train_2,19,-0.15
Train_2,19.1,-0.15
Train_2,19.2,-0.15
Train_2,19.3,-0.15
Train_2,19.4,-0.15
Train_2,19.5,-0.15
Train_2,19.6,-0.15
Train_2,19.7,-0.15
Train_2,19.8,-0.15
Train_2,19.9,-0.15
Train_2,20,-0.15
Train_2,20.1,-0.15
Train_2,20.2,-0.15
Train_2,20.3,-0.15
Train_2,20.4,-0.15
Train_2,20.5,-0.15
Train_2,20.6,-0.15
Train_2,20.7,-0.15
Train_2,20.8,-0.15
Train_2,20.9,-0.15
Train_2,21,-0.15
Train_2,21.1,-0.15
Train_2,21.2,-0.15
Train_2,21.3,-0.15
Train_2,21.4,-0.15
Train_2,21.5,-0.15
Train_2,21.6,-0.15
Train_2,21.7,-0.15
Train_2,21.8,-0.15
Train_2,21.9,-0.15
Train_2,22,-0.15
Train_2,22.1,-0.15
Train_2,22.2,-0.15
Train_2,22.3,-0.15
Train_2,22.4,-0.15
Train_2,22.5,-0.15
Train_2,22.6,-0.15
Train_2,22.7,-0.15
Train_2,22.8,-0.15
Train_2,22.9,-0.15
Train_2,23,-0.15
Train_2,23.1,-0.15
Train_2,23.2,-0.15
Train_2,23.3,-0.15
Train_2,23.4,-0.15
Train_2,23.5,-0.15
Train_2,23.6,-0.15
Train_2,23.7,-0.15
Train_2,23.8,-0.15
Train_2,23.9,-0.15
Train_2,24,-0.15
Train_2,24.1,-0.15
Train_2,24.2,-0.15
Train_2,24.3,-0.15
Train_2,24.4,-0.15
Train_2,24.5,-0.15
Train_2,24.6,-0.15
Train_2,24.7,-0.15
Train_2,24.8,-0.15
Train_2,24.9,-0.15
Train_2,25,-0.15
Train_2,25.1,-0.15
Train_2,25.2,-0.15
Train_2,25.3,-0.15
Train_2,25.4,-0.15
Train_2,25.5,-0.15
Train_2,25.6,-0.15
Train_2,25.7,-0.15
Train_2,25.8,-0.15
Train_2,25.9,-0.15
Train_2,26,-0.15
Train_2,26.1,-0.15
Train_2,26.2,-0.15
Train_2,26.3,-0.15
Train_2,26.4,-0.15
Train_2,26.5,-0.15
Train_2,26.6,-0.15
Train_2,26.7,-0.15
Train_2,26.8,-0.15
Train_2,26.9,-0.15
Train_2,27,-0.15
Train_2,27.1,-0.15
Train_2,27.2,-0.15
Train_2,27.3,-0.15
Train_2,27.4,-0.15
Train_2,27.5,-0.15
Train_2,27.6,-0.15
Train_2,27.7,-0.15
Train_2,27.8,-0.15
Train_2,27.9,-0.15
Train_2,28,-0.15
Train_2,28.1,-0.15
Train_2,28.2,-0.15
Train_2,28.3,-0.15
Train_2,28.4,-0.15
Train_2,28.5,-0.15
Train_2,28.6,-0.15
Train_2,28.7,-0.15
Train_2,28.8,-0.15
Train_2,28.9,-0.15
Train_2,29,-0.15
Train_2,29.1,-0.15
Train_2,29.2,-0.15
Train_2,29.3,-0.15
Train_2,29.4,-0.15
Train_2,29.5,-0.15
Train_2,29.6,-0.15
Train_2,29.7,-0.15
Train_2,29.8,-0.15
Train_2,29.9,-0.15
Train_2,30,-0.15
Train_2,30.1,-0.15
Train_2,30.2,-0.15
Train_2,30.3,-0.15
Train_2,30.4,-0.15
Train_2,30.5,-0.15
Train_2,30.6,-0.15
Train_2,30.7,-0.15
Train_2,30.8,-0.15
Train_2,30.9,-0.15
Train_2,31,-0.15
Train_2,31.1,-0.15
Train_2,31.2,-0.15
Train_2,31.3,-0.15
Train_2,31.4,-0.15
Train_2,31.5,-0.15
Train_2,31.6,-0.15
Train_2,31.7,-0.15
Train_2,31.8,-0.15
Train_2,31.9,-0.15
Train_2,32,-0.15
Train_2,32.1,-0.15
Train_2,32.2,-0.15
Train_2,32.3,-0.15
Train_2,32.4,-0.15
Train_2,32.5,-0.15
Train_2,32.6,-0.15
Train_2,32.7,-0.15
Train_2,32.8,-0.15
Train_2,32.9,-0.15
Train_2,33,-0.15
Train_2,33.1,-0.15
Train_2,33.2,-0.15
Train_2,33.3,-0.15
Train_2,33.4,-0.15
Train_2,33.5,-0.15
Train_2,33.6,-0.15
Train_2,33.7,-0.15
Train_2,33.8,-0.15
Train_2,33.9,-0.15
Train_2,34,-0.15
Train_2,34.1,-0.15
Train_2,34.2,-0.15
Train_2,34.3,-0.15
Train_2,34.4,-0.15
Train_2,34.5,-0.15
Train_2,34.6,-0.15
Train_2,34.7,-0.15
Train_2,34.8,-0.15
Train_2,34.9,-0.15
Train_2,35,-0.15
Train_2,35.1,-0.15
Train_2,35.2,-0.15
Train_2,35.3,-0.15
Train_2,35.4,-0.15
Train_2,35.5,-0.15
Train_2,35.6,-0.15
Train_2,35.7,-0.15
Train_2,35.8,-0.15
Train_2,35.9,-0.15
Train_2,36,-0.15
Train_2,36.1,-0.15
Train_2,36.2,-0.15
Train_2,36.3,-0.15
Train_2,36.4,-0.15
Train_2,36.5,-0.15
Train_2,36.6,-0.15
Train_2,36.7,-0.15
Train_2,36.8,-0.15
Train_2,36.9,-0.15
Train_2,37,-0.15
Train_2,37.1,-0.15
Train_2,37.2,-0.15
Train_2,37.3,-0.15
Train_2,37.4,-0.15
Train_2,37.5,-0.15
Train_2,37.6,-0.15
Train_2,37.7,-0.15
Train_2,37.8,-0.15
Train_2,37.9,-0.15
Train_2,38,-0.15
Train_2,38.1,-0.15
Train_2,38.2,-0.15
Train_2,38.3,-0.15
Train_2,38.4,-0.15
Train_2,38.5,-0.15
Train_2,38.6,-0.15
Train_2,38.7,-0.15
Train_2,38.8,-0.15
Train_2,38.9,-0.15
Train_2,39,-0.15
Train_2,39.1,-0.15
Train_2,39.2,-0.15
Train_2,39.3,-0.15
Train_2,39.4,-0.15
Train_2,39.5,-0.15
Train_2,39.6,-0.15
Train_2,39.7,-0.15
Train_2,39.8,-0.15
Train_2,39.9,-0.15
Train_2,40,-0.15
Train_2,40.1,-0.15
Train_2,40.2,-0.15
Train_2,40.3,-0.15
Train_2,40.4,-0.15
Train_2,40.5,-0.15
Train_2,40.6,-0.15
Train_2,40.7,-0.15
Train_2,40.8,-0.15
Train_2,40.9,-0.15
Train_2,41,-0.15
Train_2,41.1,-0.15
Train_2,41.2,-0.15
Train_2,41.3,-0.15
Train_2,41.4,-0.15
Train_2,41.5,-0.15
Train_2,41.6,-0.15
Train_2,41.7,-0.15
Train_2,41.8,-0.15
Train_2,41.9,-0.15
Train_2,42,-0.15
Train_2,42.1,-0.15
Train_2,42.2,-0.15
Train_2,42.3,-0.15
Train_2,42.4,-0.15
Train_2,42.5,-0.15
Train_2,42.6,-0.15
Train_2,42.7,-0.15
Train_2,42.8,-0.15
Train_2,42.9,-0.15
Train_2,43,-0.15
Train_2,43.1,-0.15
Train_2,43.2,-0.15
Train_2,43.3,-0.15
Train_2,43.4,-0.15
Train_2,43.5,-0.15
Train_2,43.6,-0.15
Train_2,43.7,-0.15
Train_2,43.8,-0.15
Train_2,43.9,-0.15
Train_2,44,-0.15
Train_2,44.1,-0.15
Train_2,44.2,-0.15
Train_2,44.3,-0.15
Train_2,44.4,-0.15
Train_2,44.5,-0.15
Train_2,44.6,-0.15
Train_2,44.7,-0.15
Train_2,44.8,-0.15
Train_2,44.9,-0.15
Train_2,45,-0.15
Train_2,45.1,-0.15
Train_2,45.2,-0.15
Train_2,45.3,-0.15
Train_2,45.4,-0.15
Train_2,45.5,-0.15
Train_2,45.6,-0.15
Train_2,45.7,-0.15
Train_2,45.8,-0.15
Train_2,45.9,-0.15
Train_2,46,-0.15
Train_2,46.1,-0.15
Train_2,46.2,-0.15
Train_2,46.3,-0.15
Train_2,46.4,-0.15
Train_2,46.5,-0.15
Train_2,46.6,-0.15
Train_2,46.7,-0.15
Train_2,46.8,-0.15
Train_2,46.9,-0.15
Train_2,47,-0.15
Train_2,47.1,-0.15
Train_2,47.2,-0.15
Train_2,47.3,-0.15
Train_2,47.4,-0.15
Train_2,47.5,-0.15
Train_2,47.6,-0.15
Train_2,47.7,-0.15
Train_2,47.8,-0.15
Train_2,47.9,-0.15
Train_2,48,-0.15
Train_2,48.1,-0.15
Train_2,48.2,-0.15
Train_2,48.3,-0.15
Train_2,48.4,-0.15
Train_2,48.5,-0.15
Train_2,48.6,-0.15
Train_2,48.7,-0.15
Train_2,48.8,-0.15
Train_2,48.9,-0.15
Train_2,49,-0.15
Train_2,49.1,-0.15
Train_2,49.2,-0.15
Train_2,49.3,-0.15
Train_2,49.4,-0.15
Train_2,49.5,-0.15
Train_2,49.6,-0.15
Train_2,49.7,-0.15
Train_2,49.8,-0.15
Train_2,49.9,-0.15
Train_3,0,-0.05
Train_3,0.1,-0.05
Train_3,0.2,-0.05
Train_3,0.3,-0.05
Train_3,0.4,-0.05
Train_3,0.5,-0.05
Train_3,0.6,-0.05
Train_3,0.7,-0.05
Train_3,0.8,-0.05
Train_3,0.9,-0.05
Train_3,1,-0.05
Train_3,1.1,-0.05
Train_3,1.2,-0.05
Train_3,1.3,-0.05
Train_3,1.4,-0.05
Train_3,1.5,-0.05
Train_3,1.6,-0.05
Train_3,1.7,-0.05
Train_3,1.8,-0.05
Train_3,1.9,-0.05
Train_3,2,-0.05
Train_3,2.1,-0.05
Train_3,2.2,-0.05
Train_3,2.3,-0.05
Train_3,2.4,-0.05
Train_3,2.5,-0.05
Train_3,2.6,-0.05
Train_3,2.7,-0.05
Train_3,2.8,-0.05
Train_3,2.9,-0.05
Train_3,3,-0.05
Train_3,3.1,-0.05
Train_3,3.2,-0.05
Train_3,3.3,-0.05
Train_3,3.4,-0.05
Train_3,3.5,-0.05
Train_3,3.6,-0.05
Train_3,3.7,-0.05
Train_3,3.8,-0.05
Train_3,3.9,-0.05
Train_3,4,-0.05
Train_3,4.1,-0.05
Train_3,4.2,-0.05
Train_3,4.3,-0.05
Train_3,4.4,-0.05
Train_3,4.5,-0.05
Train_3,4.6,-0.05
Train_3,4.7,-0.05
Train_3,4.8,-0.05
Train_3,4.9,-0.05
Train_3,5,-0.05
Train_3,5.1,-0.05
Train_3,5.2,-0.05
Train_3,5.3,-0.05
Train_3,5.4,-0.05
Train_3,5.5,-0.05
Train_3,5.6,-0.05
Train_3,5.7,-0.05
Train_3,5.8,-0.05
Train_3,5.9,-0.05
Train_3,6,-0.05
Train_3,6.1,-0.05
Train_3,6.2,-0.05
Train_3,6.3,-0.05
Train_3,6.4,-0.05
Train_3,6.5,-0.05
Train_3,6.6,-0.05
Train_3,6.7,-0.05
Train_3,6.8,-0.05
Train_3,6.9,-0.05
Train_3,7,-0.05
Train_3,7.1,-0.05
Train_3,7.2,-0.05
Train_3,7.3,-0.05
Train_3,7.4,-0.05
Train_3,7.5,-0.05
Train_3,7.6,-0.05
Train_3,7.7,-0.05
Train_3,7.8,-0.05
Train_3,7.9,-0.05
Train_3,8,-0.05
Train_3,8.1,-0.05
Train_3,8.2,-0.05
Train_3,8.3,-0.05
Train_3,8.4,-0.05
Train_3,8.5,-0.05
Train_3,8.6,-0.05
Train_3,8.7,-0.05
Train_3,8.8,-0.05
Train_3,8.9,-0.05
Train_3,9,-0.05
Train_3,9.1,-0.05
Train_3,9.2,-0.05
Train_3,9.3,-0.05
Train_3,9.4,-0.05
Train_3,9.5,-0.05
Train_3,9.6,-0.05
Train_3,9.7,-0.05
Train_3,9.8,-0.05
Train_3,9.9,-0.05
Train_3,10,-0.05
Train_3,10.1,-0.05
Train_3,10.2,-0.05
Train_3,10.3,-0.05
Train_3,10.4,-0.05
Train_3,10.5,-0.05
Train_3,10.6,-0.05
Train_3,10.7,-0.05
Train_3,10.8,-0.05
Train_3,10.9,-0.05
Train_3,11,-0.05
Train_3,11.1,-0.05
Train_3,11.2,-0.05
Train_3,11.3,-0.05
Train_3,11.4,-0.05
Train_3,11.5,-0.05
Train_3,11.6,-0.05
Train_3,11.7,-0.05
Train_3,11.8,-0.05
Train_3,11.9,-0.05
Train_3,12,-0.05
Train_3,12.1,-0.05
Train_3,12.2,-0.05
Train_3,12.3,-0.05
Train_3,12.4,-0.05
Train_3,12.5,-0.05
Train_3,12.6,-0.05
Train_3,12.7,-0.05
Train_3,12.8,-0.05
Train_3,12.9,-0.05
Train_3,13,-0.05
Train_3,13.1,-0.05
Train_3,13.2,-0.05
Train_3,13.3,-0.05
Train_3,13.4,-0.05
Train_3,13.5,-0.05
Train_3,13.6,-0.05
Train_3,13.7,-0.05
Train_3,13.8,-0.05
Train_3,13.9,-0.05
Train_3,14,-0.05
Train_3,14.1,-0.05
Train_3,14.2,-0.05
Train_3,14.3,-0.05
Train_3,14.4,-0.05
Train_3,14.5,-0.05
Train_3,14.6,-0.05
Train_3,14.7,-0.05
Train_3,14.8,-0.05
Train_3,14.9,-0.05
Train_3,15,-0.05
Train_3,15.1,-0.05
Train_3,15.2,-0.05
Train_3,15.3,-0.05
Train_3,15.4,-0.05
Train_3,15.5,-0.05
Train_3,15.6,-0.05
Train_3,15.7,-0.05
Train_3,15.8,-0.05
Train_3,15.9,-0.05
Train_3,16,-0.05
Train_3,16.1,-0.05
Train_3,16.2,-0.05
Train_3,16.3,-0.05
Train_3,16.4,-0.05
Train_3,16.5,-0.05
Train_3,16.6,-0.05
Train_3,16.7,-0.05
Train_3,16.8,-0.05
Train_3,16.9,-0.05
Train_3,17,-0.05
Train_3,17.1,-0.05
Train_3,17.2,-0.05
Train_3,17.3,-0.05
Train_3,17.4,-0.05
Train_3,17.5,-0.05
Train_3,17.6,-0.05
Train_3,17.7,-0.05
Train_3,17.8,-0.05
Train_3,17.9,-0.05
Train_3,18,-0.05
Train_3,18.1,-0.05
Train_3,18.2,-0.05
Train_3,18.3,-0.05
Train_3,18.4,-0.05
Train_3,18.5,-0.05
Train_3,18.6,-0.05
Train_3,18.7,-0.05
Train_3,18.8,-0.05
Train_3,18.9,-0.05
Train_3,19,-0.05
Train_3,19.1,-0.05
Train_3,19.2,-0.05
Train_3,19.3,-0.05
Train_3,19.4,-0.05
Train_3,19.5,-0.05
Train_3,19.6,-0.05
Train_3,19.7,-0.05
Train_3,19.8,-0.05
Train_3,19.9,-0.05
Train_3,20,-0.05
Train_3,20.1,-0.05
Train_3,20.2,-0.05
Train_3,20.3,-0.05
Train_3,20.4,-0.05
Train_3,20.5,-0.05
Train_3,20.6,-0.05
Train_3,20.7,-0.05
Train_3,20.8,-0.05
Train_3,20.9,-0.05
Train_3,21,-0.05
Train_3,21.1,-0.05
Train_3,21.2,-0.05
Train_3,21.3,-0.05
Train_3,21.4,-0.05
Train_3,21.5,-0.05
Train_3,21.6,-0.05
Train_3,21.7,-0.05
Train_3,21.8,-0.05
Train_3,21.9,-0.05
Train_3,22,-0.05
Train_3,22.1,-0.05
Train_3,22.2,-0.05
Train_3,22.3,-0.05
Train_3,22.4,-0.05
Train_3,22.5,-0.05
Train_3,22.6,-0.05
Train_3,22.7,-0.05
Train_3,22.8,-0.05
Train_3,22.9,-0.05
Train_3,23,-0.05
Train_3,23.1,-0.05
Train_3,23.2,-0.05
Train_3,23.3,-0.05
Train_3,23.4,-0.05
Train_3,23.5,-0.05
Train_3,23.6,-0.05
Train_3,23.7,-0.05
Train_3,23.8,-0.05
Train_3,23.9,-0.05
Train_3,24,-0.05
Train_3,24.1,-0.05
Train_3,24.2,-0.05
Train_3,24.3,-0.05
Train_3,24.4,-0.05
Train_3,24.5,-0.05
Train_3,24.6,-0.05
Train_3,24.7,-0.05
Train_3,24.8,-0.05
Train_3,24.9,-0.05
Train_3,25,-0.05
Train_3,25.1,-0.05
Train_3,25.2,-0.05
Train_3,25.3,-0.05
Train_3,25.4,-0.05
Train_3,25.5,-0.05
Train_3,25.6,-0.05
Train_3,25.7,-0.05
Train_3,25.8,-0.05
Train_3,25.9,-0.05
Train_3,26,-0.05
Train_3,26.1,-0.05
Train_3,26.2,-0.05
Train_3,26.3,-0.05
Train_3,26.4,-0.05
Train_3,26.5,-0.05
Train_3,26.6,-0.05
Train_3,26.7,-0.05
Train_3,26.8,-0.05
Train_3,26.9,-0.05
Train_3,27,-0.05
Train_3,27.1,-0.05
Train_3,27.2,-0.05
Train_3,27.3,-0.05
Train_3,27.4,-0.05
Train_3,27.5,-0.05
Train_3,27.6,-0.05
Train_3,27.7,-0.05
Train_3,27.8,-0.05
Train_3,27.9,-0.05
Train_3,28,-0.05
Train_3,28.1,-0.05
Train_3,28.2,-0.05
Train_3,28.3,-0.05
Train_3,28.4,-0.05
Train_3,28.5,-0.05
Train_3,28.6,-0.05
Train_3,28.7,-0.05
Train_3,28.8,-0.05
Train_3,28.9,-0.05
Train_3,29,-0.05
Train_3,29.1,-0.05
Train_3,29.2,-0.05
Train_3,29.3,-0.05
Train_3,29.4,-0.05
Train_3,29.5,-0.05
Train_3,29.6,-0.05
Train_3,29.7,-0.05
Train_3,29.8,-0.05
Train_3,29.9,-0.05
Train_3,30,-0.05
Train_3,30.1,-0.05
Train_3,30.2,-0.05
Train_3,30.3,-0.05
Train_3,30.4,-0.05
Train_3,30.5,-0.05
Train_3,30.6,-0.05
Train_3,30.7,-0.05
Train_3,30.8,-0.05
Train_3,30.9,-0.05
Train_3,31,-0.05
Train_3,31.1,-0.05
Train_3,31.2,-0.05
Train_3,31.3,-0.05
Train_3,31.4,-0.05
Train_3,31.5,-0.05
Train_3,31.6,-0.05
Train_3,31.7,-0.05
Train_3,31.8,-0.05
Train_3,31.9,-0.05
Train_3,32,-0.05
Train_3,32.1,-0.05
Train_3,32.2,-0.05
Train_3,32.3,-0.05
Train_3,32.4,-0.05
Train_3,32.5,-0.05
Train_3,32.6,-0.05
Train_3,32.7,-0.05
Train_3,32.8,-0.05
Train_3,32.9,-0.05
Train_3,33,-0.05
Train_3,33.1,-0.05
Train_3,33.2,-0.05
Train_3,33.3,-0.05
Train_3,33.4,-0.05
Train_3,33.5,-0.05
Train_3,33.6,-0.05
Train_3,33.7,-0.05
Train_3,33.8,-0.05
Train_3,33.9,-0.05
Train_3,34,-0.05
Train_3,34.1,-0.05
Train_3,34.2,-0.05
Train_3,34.3,-0.05
Train_3,34.4,-0.05
Train_3,34.5,-0.05
Train_3,34.6,-0.05
Train_3,34.7,-0.05
Train_3,34.8,-0.05
Train_3,34.9,-0.05
Train_3,35,-0.05
Train_3,35.1,-0.05
Train_3,35.2,-0.05
Train_3,35.3,-0.05
Train_3,35.4,-0.05
Train_3,35.5,-0.05
Train_3,35.6,-0.05
Train_3,35.7,-0.05
Train_3,35.8,-0.05
Train_3,35.9,-0.05
Train_3,36,-0.05
Train_3,36.1,-0.05
Train_3,36.2,-0.05
Train_3,36.3,-0.05
Train_3,36.4,-0.05
Train_3,36.5,-0.05
Train_3,36.6,-0.05
Train_3,36.7,-0.05
Train_3,36.8,-0.05
Train_3,36.9,-0.05
Train_3,37,-0.05
Train_3,37.1,-0.05
Train_3,37.2,-0.05
Train_3,37.3,-0.05
Train_3,37.4,-0.05
Train_3,37.5,-0.05
Train_3,37.6,-0.05
Train_3,37.7,-0.05
Train_3,37.8,-0.05
Train_3,37.9,-0.05
Train_3,38,-0.05
Train_3,38.1,-0.05
Train_3,38.2,-0.05
Train_3,38.3,-0.05
Train_3,38.4,-0.05
Train_3,38.5,-0.05
Train_3,38.6,-0.05
Train_3,38.7,-0.05
Train_3,38.8,-0.05
Train_3,38.9,-0.05
Train_3,39,-0.05
Train_3,39.1,-0.05
Train_3,39.2,-0.05
Train_3,39.3,-0.05
Train_3,39.4,-0.05
Train_3,39.5,-0.05
Train_3,39.6,-0.05
Train_3,39.7,-0.05
Train_3,39.8,-0.05
Train_3,39.9,-0.05
Train_3,40,-0.05
Train_3,40.1,-0.05
Train_3,40.2,-0.05
Train_3,40.3,-0.05
Train_3,40.4,-0.05
Train_3,40.5,-0.05
Train_3,40.6,-0.05
Train_3,40.7,-0.05
Train_3,40.8,-0.05
Train_3,40.9,-0.05
Train_3,41,-0.05
Train_3,41.1,-0.05
Train_3,41.2,-0.05
Train_3,41.3,-0.05
Train_3,41.4,-0.05
Train_3,41.5,-0.05
Train_3,41.6,-0.05
Train_3,41.7,-0.05
Train_3,41.8,-0.05
Train_3,41.9,-0.05
Train_3,42,-0.05
Train_3,42.1,-0.05
Train_3,42.2,-0.05
Train_3,42.3,-0.05
Train_3,42.4,-0.05
Train_3,42.5,-0.05
Train_3,42.6,-0.05
Train_3,42.7,-0.05
Train_3,42.8,-0.05
Train_3,42.9,-0.05
Train_3,43,-0.05
Train_3,43.1,-0.05
Train_3,43.2,-0.05
Train_3,43.3,-0.05
Train_3,43.4,-0.05
Train_3,43.5,-0.05
Train_3,43.6,-0.05
Train_3,43.7,-0.05
Train_3,43.8,-0.05
Train_3,43.9,-0.05
Train_3,44,-0.05
Train_3,44.1,-0.05
Train_3,44.2,-0.05
Train_3,44.3,-0.05
Train_3,44.4,-0.05
Train_3,44.5,-0.05
Train_3,44.6,-0.05
Train_3,44.7,-0.05
Train_3,44.8,-0.05
Train_3,44.9,-0.05
Train_3,45,-0.05
Train_3,45.1,-0.05
Train_3,45.2,-0.05
Train_3,45.3,-0.05
Train_3,45.4,-0.05
Train_3,45.5,-0.05
Train_3,45.6,-0.05
Train_3,45.7,-0.05
Train_3,45.8,-0.05
Train_3,45.9,-0.05
Train_3,46,-0.05
Train_3,46.1,-0.05
Train_3,46.2,-0.05
Train_3,46.3,-0.05
Train_3,46.4,-0.05
Train_3,46.5,-0.05
Train_3,46.6,-0.05
Train_3,46.7,-0.05
Train_3,46.8,-0.05
Train_3,46.9,-0.05
Train_3,47,-0.05
Train_3,47.1,-0.05
Train_3,47.2,-0.05
Train_3,47.3,-0.05
Train_3,47.4,-0.05
Train_3,47.5,-0.05
Train_3,47.6,-0.05
Train_3,47.7,-0.05
Train_3,47.8,-0.05
Train_3,47.9,-0.05
Train_3,48,-0.05
Train_3,48.1,-0.05
Train_3,48.2,-0.05
Train_3,48.3,-0.05
Train_3,48.4,-0.05
Train_3,48.5,-0.05
Train_3,48.6,-0.05
Train_3,48.7,-0.05
Train_3,48.8,-0.05
Train_3,48.9,-0.05
Train_3,49,-0.05
Train_3,49.1,-0.05
Train_3,49.2,-0.05
Train_3,49.3,-0.05
Train_3,49.4,-0.05
Train_3,49.5,-0.05
Train_3,49.6,-0.05
Train_3,49.7,-0.05
Train_3,49.8,-0.05
Train_3,49.9,-0.05
Train_4,0,0.1
Train_4,0.1,0.1
Train_4,0.2,0.1
Train_4,0.3,0.1
Train_4,0.4,0.1
Train_4,0.5,0.1
Train_4,0.6,0.1
Train_4,0.7,0.1
Train_4,0.8,0.1
Train_4,0.9,0.1
Train_4,1,0.1
Train_4,1.1,0.1
Train_4,1.2,0.1
Train_4,1.3,0.1
Train_4,1.4,0.1
Train_4,1.5,0.1
Train_4,1.6,0.1
Train_4,1.7,0.1
Train_4,1.8,0.1
Train_4,1.9,0.1
Train_4,2,0.1
Train_4,2.1,0.1
Train_4,2.2,0.1
Train_4,2.3,0.1
Train_4,2.4,0.1
Train_4,2.5,0.1
Train_4,2.6,0.1
Train_4,2.7,0.1
Train_4,2.8,0.1
Train_4,2.9,0.1
Train_4,3,0.1
Train_4,3.1,0.1
Train_4,3.2,0.1
Train_4,3.3,0.1
Train_4,3.4,0.1
Train_4,3.5,0.1
Train_4,3.6,0.1
Train_4,3.7,0.1
Train_4,3.8,0.1
Train_4,3.9,0.1
Train_4,4,0.1
Train_4,4.1,0.1
Train_4,4.2,0.1
Train_4,4.3,0.1
Train_4,4.4,0.1
Train_4,4.5,0.1
Train_4,4.6,0.1
Train_4,4.7,0.1
Train_4,4.8,0.1
Train_4,4.9,0.1
Train_4,5,0.1
Train_4,5.1,0.1
Train_4,5.2,0.1
Train_4,5.3,0.1
Train_4,5.4,0.1
Train_4,5.5,0.1
Train_4,5.6,0.1
Train_4,5.7,0.1
Train_4,5.8,0.1
Train_4,5.9,0.1
Train_4,6,0.1
Train_4,6.1,0.1
Train_4,6.2,0.1
Train_4,6.3,0.1
Train_4,6.4,0.1
Train_4,6.5,0.1
Train_4,6.6,0.1
Train_4,6.7,0.1
Train_4,6.8,0.1
Train_4,6.9,0.1
Train_4,7,0.1
Train_4,7.1,0.1
Train_4,7.2,0.1
Train_4,7.3,0.1
Train_4,7.4,0.1
Train_4,7.5,0.1
Train_4,7.6,0.1
Train_4,7.7,0.1
Train_4,7.8,0.1
Train_4,7.9,0.1
Train_4,8,0.1
Train_4,8.1,0.1
Train_4,8.2,0.1
Train_4,8.3,0.1
Train_4,8.4,0.1
Train_4,8.5,0.1
Train_4,8.6,0.1
Train_4,8.7,0.1
Train_4,8.8,0.1
Train_4,8.9,0.1
Train_4,9,0.1
Train_4,9.1,0.1
Train_4,9.2,0.1
Train_4,9.3,0.1
Train_4,9.4,0.1
Train_4,9.5,0.1
Train_4,9.6,0.1
Train_4,9.7,0.1
Train_4,9.8,0.1
Train_4,9.9,0.1
Train_4,10,0.1
Train_4,10.1,0.1
Train_4,10.2,0.1
Train_4,10.3,0.1
Train_4,10.4,0.1
Train_4,10.5,0.1
Train_4,10.6,0.1
Train_4,10.7,0.1
Train_4,10.8,0.1
Train_4,10.9,0.1
Train_4,11,0.1
Train_4,11.1,0.1
Train_4,11.2,0.1
Train_4,11.3,0.1
Train_4,11.4,0.1
Train_4,11.5,0.1
Train_4,11.6,0.1
Train_4,11.7,0.1
Train_4,11.8,0.1
Train_4,11.9,0.1
Train_4,12,0.1
Train_4,12.1,0.1
Train_4,12.2,0.1
Train_4,12.3,0.1
Train_4,12.4,0.1
Train_4,12.5,0.1
Train_4,12.6,0.1
Train_4,12.7,0.1
Train_4,12.8,0.1
Train_4,12.9,0.1
Train_4,13,0.1
Train_4,13.1,0.1
Train_4,13.2,0.1
Train_4,13.3,0.1
Train_4,13.4,0.1
Train_4,13.5,0.1
Train_4,13.6,0.1
Train_4,13.7,0.1
Train_4,13.8,0.1
Train_4,13.9,0.1
Train_4,14,0.1
Train_4,14.1,0.1
Train_4,14.2,0.1
Train_4,14.3,0.1
Train_4,14.4,0.1
Train_4,14.5,0.1
Train_4,14.6,0.1
Train_4,14.7,0.1
Train_4,14.8,0.1
Train_4,14.9,0.1
Train_4,15,0.1
Train_4,15.1,0.1
Train_4,15.2,0.1
Train_4,15.3,0.1
Train_4,15.4,0.1
Train_4,15.5,0.1
Train_4,15.6,0.1
Train_4,15.7,0.1
Train_4,15.8,0.1
Train_4,15.9,0.1
Train_4,16,0.1
Train_4,16.1,0.1
Train_4,16.2,0.1
Train_4,16.3,0.1
Train_4,16.4,0.1
Train_4,16.5,0.1
Train_4,16.6,0.1
Train_4,16.7,0.1
Train_4,16.8,0.1
Train_4,16.9,0.1
Train_4,17,0.1
Train_4,17.1,0.1
Train_4,17.2,0.1
Train_4,17.3,0.1
Train_4,17.4,0.1
Train_4,17.5,0.1
Train_4,17.6,0.1
Train_4,17.7,0.1
Train_4,17.8,0.1
Train_4,17.9,0.1
Train_4,18,0.1
Train_4,18.1,0.1
Train_4,18.2,0.1
Train_4,18.3,0.1
Train_4,18.4,0.1
Train_4,18.5,0.1
Train_4,18.6,0.1
Train_4,18.7,0.1
Train_4,18.8,0.1
Train_4,18.9,0.1
Train_4,19,0.1
Train_4,19.1,0.1
Train_4,19.2,0.1
Train_4,19.3,0.1
Train_4,19.4,0.1
Train_4,19.5,0.1
Train_4,19.6,0.1
Train_4,19.7,0.1
Train_4,19.8,0.1
Train_4,19.9,0.1
Train_4,20,0.1
Train_4,20.1,0.1
Train_4,20.2,0.1
Train_4,20.3,0.1
Train_4,20.4,0.1
Train_4,20.5,0.1
Train_4,20.6,0.1
Train_4,20.7,0.1
Train_4,20.8,0.1
Train_4,20.9,0.1
Train_4,21,0.1
Train_4,21.1,0.1
Train_4,21.2,0.1
Train_4,21.3,0.1
Train_4,21.4,0.1
Train_4,21.5,0.1
Train_4,21.6,0.1
Train_4,21.7,0.1
Train_4,21.8,0.1
Train_4,21.9,0.1
Train_4,22,0.1
Train_4,22.1,0.1
Train_4,22.2,0.1
Train_4,22.3,0.1
Train_4,22.4,0.1
Train_4,22.5,0.1
Train_4,22.6,0.1
Train_4,22.7,0.1
Train_4,22.8,0.1
Train_4,22.9,0.1
Train_4,23,0.1
Train_4,23.1,0.1
Train_4,23.2,0.1
Train_4,23.3,0.1
Train_4,23.4,0.1
Train_4,23.5,0.1
Train_4,23.6,0.1
Train_4,23.7,0.1
Train_4,23.8,0.1
Train_4,23.9,0.1
Train_4,24,0.1
Train_4,24.1,0.1
Train_4,24.2,0.1
Train_4,24.3,0.1
Train_4,24.4,0.1
Train_4,24.5,0.1
Train_4,24.6,0.1
Train_4,24.7,0.1
Train_4,24.8,0.1
Train_4,24.9,0.1
Train_4,25,0.1
Train_4,25.1,0.1
Train_4,25.2,0.1
Train_4,25.3,0.1
Train_4,25.4,0.1
Train_4,25.5,0.1
Train_4,25.6,0.1
Train_4,25.7,0.1
Train_4,25.8,0.1
Train_4,25.9,0.1
Train_4,26,0.1
Train_4,26.1,0.1
Train_4,26.2,0.1
Train_4,26.3,0.1
Train_4,26.4,0.1
Train_4,26.5,0.1
Train_4,26.6,0.1
Train_4,26.7,0.1
Train_4,26.8,0.1
Train_4,26.9,0.1
Train_4,27,0.1
Train_4,27.1,0.1
Train_4,27.2,0.1
Train_4,27.3,0.1
Train_4,27.4,0.1
Train_4,27.5,0.1
Train_4,27.6,0.1
Train_4,27.7,0.1
Train_4,27.8,0.1
Train_4,27.9,0.1
Train_4,28,0.1
Train_4,28.1,0.1
Train_4,28.2,0.1
Train_4,28.3,0.1
Train_4,28.4,0.1
Train_4,28.5,0.1
Train_4,28.6,0.1
Train_4,28.7,0.1
Train_4,28.8,0.1
Train_4,28.9,0.1
Train_4,29,0.1
Train_4,29.1,0.1
Train_4,29.2,0.1
Train_4,29.3,0.1
Train_4,29.4,0.1
Train_4,29.5,0.1
Train_4,29.6,0.1
Train_4,29.7,0.1
Train_4,29.8,0.1
Train_4,29.9,0.1
Train_4,30,0.1
Train_4,30.1,0.1
Train_4,30.2,0.1
Train_4,30.3,0.1
Train_4,30.4,0.1
Train_4,30.5,0.1
Train_4,30.6,0.1
Train_4,30.7,0.1
Train_4,30.8,0.1
Train_4,30.9,0.1
Train_4,31,0.1
Train_4,31.1,0.1
Train_4,31.2,0.1
Train_4,31.3,0.1
Train_4,31.4,0.1
Train_4,31.5,0.1
Train_4,31.6,0.1
Train_4,31.7,0.1
Train_4,31.8,0.1
Train_4,31.9,0.1
Train_4,32,0.1
Train_4,32.1,0.1
Train_4,32.2,0.1
Train_4,32.3,0.1
Train_4,32.4,0.1
Train_4,32.5,0.1
Train_4,32.6,0.1
Train_4,32.7,0.1
Train_4,32.8,0.1
Train_4,32.9,0.1
Train_4,33,0.1
Train_4,33.1,0.1
Train_4,33.2,0.1
Train_4,33.3,0.1
Train_4,33.4,0.1
Train_4,33.5,0.1
Train_4,33.6,0.1
Train_4,33.7,0.1
Train_4,33.8,0.1
Train_4,33.9,0.1
Train_4,34,0.1
Train_4,34.1,0.1
Train_4,34.2,0.1
Train_4,34.3,0.1
Train_4,34.4,0.1
Train_4,34.5,0.1
Train_4,34.6,0.1
Train_4,34.7,0.1
Train_4,34.8,0.1
Train_4,34.9,0.1
Train_4,35,0.1
Train_4,35.1,0.1
Train_4,35.2,0.1
Train_4,35.3,0.1
Train_4,35.4,0.1
Train_4,35.5,0.1
Train_4,35.6,0.1
Train_4,35.7,0.1
Train_4,35.8,0.1
Train_4,35.9,0.1
Train_4,36,0.1
Train_4,36.1,0.1
Train_4,36.2,0.1
Train_4,36.3,0.1
Train_4,36.4,0.1
Train_4,36.5,0.1
Train_4,36.6,0.1
Train_4,36.7,0.1
Train_4,36.8,0.1
Train_4,36.9,0.1
Train_4,37,0.1
Train_4,37.1,0.1
Train_4,37.2,0.1
Train_4,37.3,0.1
Train_4,37.4,0.1
Train_4,37.5,0.1
Train_4,37.6,0.1
Train_4,37.7,0.1
Train_4,37.8,0.1
Train_4,37.9,0.1
Train_4,38,0.1
Train_4,38.1,0.1
Train_4,38.2,0.1
Train_4,38.3,0.1
Train_4,38.4,0.1
Train_4,38.5,0.1
Train_4,38.6,0.1
Train_4,38.7,0.1
Train_4,38.8,0.1
Train_4,38.9,0.1
Train_4,39,0.1
Train_4,39.1,0.1
Train_4,39.2,0.1
Train_4,39.3,0.1
Train_4,39.4,0.1
Train_4,39.5,0.1
Train_4,39.6,0.1
Train_4,39.7,0.1
Train_4,39.8,0.1
Train_4,39.9,0.1
Train_4,40,0.1
Train_4,40.1,0.1
Train_4,40.2,0.1
Train_4,40.3,0.1
Train_4,40.4,0.1
Train_4,40.5,0.1
Train_4,40.6,0.1
Train_4,40.7,0.1
Train_4,40.8,0.1
Train_4,40.9,0.1
Train_4,41,0.1
Train_4,41.1,0.1
Train_4,41.2,0.1
Train_4,41.3,0.1
Train_4,41.4,0.1
Train_4,41.5,0.1
Train_4,41.6,0.1
Train_4,41.7,0.1
Train_4,41.8,0.1
Train_4,41.9,0.1
Train_4,42,0.1
Train_4,42.1,0.1
Train_4,42.2,0.1
Train_4,42.3,0.1
Train_4,42.4,0.1
Train_4,42.5,0.1
Train_4,42.6,0.1
Train_4,42.7,0.1
Train_4,42.8,0.1
Train_4,42.9,0.1
Train_4,43,0.1
Train_4,43.1,0.1
Train_4,43.2,0.1
Train_4,43.3,0.1
Train_4,43.4,0.1
Train_4,43.5,0.1
Train_4,43.6,0.1
Train_4,43.7,0.1
Train_4,43.8,0.1
Train_4,43.9,0.1
Train_4,44,0.1
Train_4,44.1,0.1
Train_4,44.2,0.1
Train_4,44.3,0.1
Train_4,44.4,0.1
Train_4,44.5,0.1
Train_4,44.6,0.1
Train_4,44.7,0.1
Train_4,44.8,0.1
Train_4,44.9,0.1
Train_4,45,0.1
Train_4,45.1,0.1
Train_4,45.2,0.1
Train_4,45.3,0.1
Train_4,45.4,0.1
Train_4,45.5,0.1
Train_4,45.6,0.1
Train_4,45.7,0.1
Train_4,45.8,0.1
Train_4,45.9,0.1
Train_4,46,0.1
Train_4,46.1,0.1
Train_4,46.2,0.1
Train_4,46.3,0.1
Train_4,46.4,0.1
Train_4,46.5,0.1
Train_4,46.6,0.1
Train_4,46.7,0.1
Train_4,46.8,0.1
Train_4,46.9,0.1
Train_4,47,0.1
Train_4,47.1,0.1
Train_4,47.2,0.1
Train_4,47.3,0.1
Train_4,47.4,0.1
Train_4,47.5,0.1
Train_4,47.6,0.1
Train_4,47.7,0.1
Train_4,47.8,0.1
Train_4,47.9,0.1
Train_4,48,0.1
Train_4,48.1,0.1
Train_4,48.2,0.1
Train_4,48.3,0.1
Train_4,48.4,0.1
Train_4,48.5,0.1
Train_4,48.6,0.1
Train_4,48.7,0.1
Train_4,48.8,0.1
Train_4,48.9,0.1
Train_4,49,0.1
Train_4,49.1,0.1
Train_4,49.2,0.1
Train_4,49.3,0.1
Train_4,49.4,0.1
Train_4,49.5,0.1
Train_4,49.6,0.1
Train_4,49.7,0.1
Train_4,49.8,0.1
Train_4,49.9,0.1
Train_5,0,0.5
Train_5,0.1,0.5
Train_5,0.2,0.5
Train_5,0.3,0.5
Train_5,0.4,0.5
Train_5,0.5,0.5
Train_5,0.6,0.5
Train_5,0.7,0.5
Train_5,0.8,0.5
Train_5,0.9,0.5
Train_5,1,0.5
Train_5,1.1,0.5
Train_5,1.2,0.5
Train_5,1.3,0.5
Train_5,1.4,0.5
Train_5,1.5,0.5
Train_5,1.6,0.5
Train_5,1.7,0.5
Train_5,1.8,0.5
Train_5,1.9,0.5
Train_5,2,0.5
Train_5,2.1,0.5
Train_5,2.2,0.5
Train_5,2.3,0.5
Train_5,2.4,0.5
Train_5,2.5,0.5
Train_5,2.6,0.5
Train_5,2.7,0.5
Train_5,2.8,0.5
Train_5,2.9,0.5
Train_5,3,0.5
Train_5,3.1,0.5
Train_5,3.2,0.5
Train_5,3.3,0.5
Train_5,3.4,0.5
Train_5,3.5,0.5
Train_5,3.6,0.5
Train_5,3.7,0.5
Train_5,3.8,0.5
Train_5,3.9,0.5
Train_5,4,0.5
Train_5,4.1,0.5
Train_5,4.2,0.5
Train_5,4.3,0.5
Train_5,4.4,0.5
Train_5,4.5,0.5
Train_5,4.6,0.5
Train_5,4.7,0.5
Train_5,4.8,0.5
Train_5,4.9,0.5
Train_5,5,0.5
Train_5,5.1,0.5
Train_5,5.2,0.5
Train_5,5.3,0.5
Train_5,5.4,0.5
Train_5,5.5,0.5
Train_5,5.6,0.5
Train_5,5.7,0.5
Train_5,5.8,0.5
Train_5,5.9,0.5
Train_5,6,0.5
Train_5,6.1,0.5
Train_5,6.2,0.5
Train_5,6.3,0.5
Train_5,6.4,0.5
Train_5,6.5,0.5
Train_5,6.6,0.5
Train_5,6.7,0.5
Train_5,6.8,0.5
Train_5,6.9,0.5
Train_5,7,0.5
Train_5,7.1,0.5
Train_5,7.2,0.5
Train_5,7.3,0.5
Train_5,7.4,0.5
Train_5,7.5,0.5
Train_5,7.6,0.5
Train_5,7.7,0.5
Train_5,7.8,0.5
Train_5,7.9,0.5
Train_5,8,0.5
Train_5,8.1,0.5
Train_5,8.2,0.5
Train_5,8.3,0.5
Train_5,8.4,0.5
Train_5,8.5,0.5
Train_5,8.6,0.5
Train_5,8.7,0.5
Train_5,8.8,0.5
Train_5,8.9,0.5
Train_5,9,0.5
Train_5,9.1,0.5
Train_5,9.2,0.5
Train_5,9.3,0.5
Train_5,9.4,0.5
Train_5,9.5,0.5
Train_5,9.6,0.5
Train_5,9.7,0.5
Train_5,9.8,0.5
Train_5,9.9,0.5
Train_5,10,0.5
Train_5,10.1,0.5
Train_5,10.2,0.5
Train_5,10.3,0.5
Train_5,10.4,0.5
Train_5,10.5,0.5
Train_5,10.6,0.5
Train_5,10.7,0.5
Train_5,10.8,0.5
Train_5,10.9,0.5
Train_5,11,0.5
Train_5,11.1,0.5
Train_5,11.2,0.5
Train_5,11.3,0.5
Train_5,11.4,0.5
Train_5,11.5,0.5
Train_5,11.6,0.5
Train_5,11.7,0.5
Train_5,11.8,0.5
Train_5,11.9,0.5
Train_5,12,0.5
Train_5,12.1,0.5
Train_5,12.2,0.5
Train_5,12.3,0.5
Train_5,12.4,0.5
Train_5,12.5,0.5
Train_5,12.6,0.5
Train_5,12.7,0.5
Train_5,12.8,0.5
Train_5,12.9,0.5
Train_5,13,0.5
Train_5,13.1,0.5
Train_5,13.2,0.5
Train_5,13.3,0.5
Train_5,13.4,0.5
Train_5,13.5,0.5
Train_5,13.6,0.5
Train_5,13.7,0.5
Train_5,13.8,0.5
Train_5,13.9,0.5
Train_5,14,0.5
Train_5,14.1,0.5
Train_5,14.2,0.5
Train_5,14.3,0.5
Train_5,14.4,0.5
Train_5,14.5,0.5
Train_5,14.6,0.5
Train_5,14.7,0.5
Train_5,14.8,0.5
Train_5,14.9,0.5
Train_5,15,0.5
Train_5,15.1,0.5
Train_5,15.2,0.5
Train_5,15.3,0.5
Train_5,15.4,0.5
Train_5,15.5,0.5
Train_5,15.6,0.5
Train_5,15.7,0.5
Train_5,15.8,0.5
Train_5,15.9,0.5
Train_5,16,0.5
Train_5,16.1,0.5
Train_5,16.2,0.5
Train_5,16.3,0.5
Train_5,16.4,0.5
Train_5,16.5,0.5
Train_5,16.6,0.5
Train_5,16.7,0.5
Train_5,16.8,0.5
Train_5,16.9,0.5
Train_5,17,0.5
Train_5,17.1,0.5
Train_5,17.2,0.5
Train_5,17.3,0.5
Train_5,17.4,0.5
Train_5,17.5,0.5
Train_5,17.6,0.5
Train_5,17.7,0.5
Train_5,17.8,0.5
Train_5,17.9,0.5
Train_5,18,0.5
Train_5,18.1,0.5
Train_5,18.2,0.5
Train_5,18.3,0.5
Train_5,18.4,0.5
Train_5,18.5,0.5
Train_5,18.6,0.5
Train_5,18.7,0.5
Train_5,18.8,0.5
Train_5,18.9,0.5
Train_5,19,0.5
Train_5,19.1,0.5
Train_5,19.2,0.5
Train_5,19.3,0.5
Train_5,19.4,0.5
Train_5,19.5,0.5
Train_5,19.6,0.5
Train_5,19.7,0.5
Train_5,19.8,0.5
Train_5,19.9,0.5
Train_5,20,0.5
Train_5,20.1,0.5
Train_5,20.2,0.5
Train_5,20.3,0.5
Train_5,20.4,0.5
Train_5,20.5,0.5
Train_5,20.6,0.5
Train_5,20.7,0.5
Train_5,20.8,0.5
Train_5,20.9,0.5
Train_5,21,0.5
Train_5,21.1,0.5
Train_5,21.2,0.5
Train_5,21.3,0.5
Train_5,21.4,0.5
Train_5,21.5,0.5
Train_5,21.6,0.5
Train_5,21.7,0.5
Train_5,21.8,0.5
Train_5,21.9,0.5
Train_5,22,0.5
Train_5,22.1,0.5
Train_5,22.2,0.5
Train_5,22.3,0.5
Train_5,22.4,0.5
Train_5,22.5,0.5
Train_5,22.6,0.5
Train_5,22.7,0.5
Train_5,22.8,0.5
Train_5,22.9,0.5
Train_5,23,0.5
Train_5,23.1,0.5
Train_5,23.2,0.5
Train_5,23.3,0.5
Train_5,23.4,0.5
Train_5,23.5,0.5
Train_5,23.6,0.5
Train_5,23.7,0.5
Train_5,23.8,0.5
Train_5,23.9,0.5
Train_5,24,0.5
Train_5,24.1,0.5
Train_5,24.2,0.5
Train_5,24.3,0.5
Train_5,24.4,0.5
Train_5,24.5,0.5
Train_5,24.6,0.5
Train_5,24.7,0.5
Train_5,24.8,0.5
Train_5,24.9,0.5
Train_5,25,0.5
Train_5,25.1,0.5
Train_5,25.2,0.5
Train_5,25.3,0.5
Train_5,25.4,0.5
Train_5,25.5,0.5
Train_5,25.6,0.5
Train_5,25.7,0.5
Train_5,25.8,0.5
Train_5,25.9,0.5
Train_5,26,0.5
Train_5,26.1,0.5
Train_5,26.2,0.5
Train_5,26.3,0.5
Train_5,26.4,0.5
Train_5,26.5,0.5
Train_5,26.6,0.5
Train_5,26.7,0.5
Train_5,26.8,0.5
Train_5,26.9,0.5
Train_5,27,0.5
Train_5,27.1,0.5
Train_5,27.2,0.5
Train_5,27.3,0.5
Train_5,27.4,0.5
Train_5,27.5,0.5
Train_5,27.6,0.5
Train_5,27.7,0.5
Train_5,27.8,0.5
Train_5,27.9,0.5
Train_5,28,0.5
Train_5,28.1,0.5
Train_5,28.2,0.5
Train_5,28.3,0.5
Train_5,28.4,0.5
Train_5,28.5,0.5
Train_5,28.6,0.5
Train_5,28.7,0.5
Train_5,28.8,0.5
Train_5,28.9,0.5
Train_5,29,0.5
Train_5,29.1,0.5
Train_5,29.2,0.5
Train_5,29.3,0.5
Train_5,29.4,0.5
Train_5,29.5,0.5
Train_5,29.6,0.5
Train_5,29.7,0.5
Train_5,29.8,0.5
Train_5,29.9,0.5
Train_5,30,0.5
Train_5,30.1,0.5
Train_5,30.2,0.5
Train_5,30.3,0.5
Train_5,30.4,0.5
Train_5,30.5,0.5
Train_5,30.6,0.5
Train_5,30.7,0.5
Train_5,30.8,0.5
Train_5,30.9,0.5
Train_5,31,0.5
Train_5,31.1,0.5
Train_5,31.2,0.5
Train_5,31.3,0.5
Train_5,31.4,0.5
Train_5,31.5,0.5
Train_5,31.6,0.5
Train_5,31.7,0.5
Train_5,31.8,0.5
Train_5,31.9,0.5
Train_5,32,0.5
Train_5,32.1,0.5
Train_5,32.2,0.5
Train_5,32.3,0.5
Train_5,32.4,0.5
Train_5,32.5,0.5
Train_5,32.6,0.5
Train_5,32.7,0.5
Train_5,32.8,0.5
Train_5,32.9,0.5
Train_5,33,0.5
Train_5,33.1,0.5
Train_5,33.2,0.5
Train_5,33.3,0.5
Train_5,33.4,0.5
Train_5,33.5,0.5
Train_5,33.6,0.5
Train_5,33.7,0.5
Train_5,33.8,0.5
Train_5,33.9,0.5
Train_5,34,0.5
Train_5,34.1,0.5
Train_5,34.2,0.5
Train_5,34.3,0.5
Train_5,34.4,0.5
Train_5,34.5,0.5
Train_5,34.6,0.5
Train_5,34.7,0.5
Train_5,34.8,0.5
Train_5,34.9,0.5
Train_5,35,0.5
Train_5,35.1,0.5
Train_5,35.2,0.5
Train_5,35.3,0.5
Train_5,35.4,0.5
Train_5,35.5,0.5
Train_5,35.6,0.5
Train_5,35.7,0.5
Train_5,35.8,0.5
Train_5,35.9,0.5
Train_5,36,0.5
Train_5,36.1,0.5
Train_5,36.2,0.5
Train_5,36.3,0.5
Train_5,36.4,0.5
Train_5,36.5,0.5
Train_5,36.6,0.5
Train_5,36.7,0.5
Train_5,36.8,0.5
Train_5,36.9,0.5
Train_5,37,0.5
Train_5,37.1,0.5
Train_5,37.2,0.5
Train_5,37.3,0.5
Train_5,37.4,0.5
Train_5,37.5,0.5
Train_5,37.6,0.5
Train_5,37.7,0.5
Train_5,37.8,0.5
Train_5,37.9,0.5
Train_5,38,0.5
Train_5,38.1,0.5
Train_5,38.2,0.5
Train_5,38.3,0.5
Train_5,38.4,0.5
Train_5,38.5,0.5
Train_5,38.6,0.5
Train_5,38.7,0.5
Train_5,38.8,0.5
Train_5,38.9,0.5
Train_5,39,0.5
Train_5,39.1,0.5
Train_5,39.2,0.5
Train_5,39.3,0.5
Train_5,39.4,0.5
Train_5,39.5,0.5
Train_5,39.6,0.5
Train_5,39.7,0.5
Train_5,39.8,0.5
Train_5,39.9,0.5
Train_5,40,0.5
Train_5,40.1,0.5
Train_5,40.2,0.5
Train_5,40.3,0.5
Train_5,40.4,0.5
Train_5,40.5,0.5
Train_5,40.6,0.5
Train_5,40.7,0.5
Train_5,40.8,0.5
Train_5,40.9,0.5
Train_5,41,0.5
Train_5,41.1,0.5
Train_5,41.2,0.5
Train_5,41.3,0.5
Train_5,41.4,0.5
Train_5,41.5,0.5
Train_5,41.6,0.5
Train_5,41.7,0.5
Train_5,41.8,0.5
Train_5,41.9,0.5
Train_5,42,0.5
Train_5,42.1,0.5
Train_5,42.2,0.5
Train_5,42.3,0.5
Train_5,42.4,0.5
Train_5,42.5,0.5
Train_5,42.6,0.5
Train_5,42.7,0.5
Train_5,42.8,0.5
Train_5,42.9,0.5
Train_5,43,0.5
Train_5,43.1,0.5
Train_5,43.2,0.5
Train_5,43.3,0.5
Train_5,43.4,0.5
Train_5,43.5,0.5
Train_5,43.6,0.5
Train_5,43.7,0.5
Train_5,43.8,0.5
Train_5,43.9,0.5
Train_5,44,0.5
Train_5,44.1,0.5
Train_5,44.2,0.5
Train_5,44.3,0.5
Train_5,44.4,0.5
Train_5,44.5,0.5
Train_5,44.6,0.5
Train_5,44.7,0.5
Train_5,44.8,0.5
Train_5,44.9,0.5
Train_5,45,0.5
Train_5,45.1,0.5
Train_5,45.2,0.5
Train_5,45.3,0.5
Train_5,45.4,0.5
Train_5,45.5,0.5
Train_5,45.6,0.5
Train_5,45.7,0.5
Train_5,45.8,0.5
Train_5,45.9,0.5
Train_5,46,0.5
Train_5,46.1,0.5
Train_5,46.2,0.5
Train_5,46.3,0.5
Train_5,46.4,0.5
Train_5,46.5,0.5
Train_5,46.6,0.5
Train_5,46.7,0.5
Train_5,46.8,0.5
Train_5,46.9,0.5
Train_5,47,0.5
Train_5,47.1,0.5
Train_5,47.2,0.5
Train_5,47.3,0.5
Train_5,47.4,0.5
Train_5,47.5,0.5
Train_5,47.6,0.5
Train_5,47.7,0.5
Train_5,47.8,0.5
Train_5,47.9,0.5
Train_5,48,0.5
Train_5,48.1,0.5
Train_5,48.2,0.5
Train_5,48.3,0.5
Train_5,48.4,0.5
Train_5,48.5,0.5
Train_5,48.6,0.5
Train_5,48.7,0.5
Train_5,48.8,0.5
Train_5,48.9,0.5
Train_5,49,0.5
Train_5,49.1,0.5
Train_5,49.2,0.5
Train_5,49.3,0.5
Train_5,49.4,0.5
Train_5,49.5,0.5
Train_5,49.6,0.5
Train_5,49.7,0.5
Train_5,49.8,0.5
Train_5,49.9,0.5
Train_6,0,0.7
Train_6,0.1,0.7
Train_6,0.2,0.7
Train_6,0.3,0.7
Train_6,0.4,0.7
Train_6,0.5,0.7
Train_6,0.6,0.7
Train_6,0.7,0.7
Train_6,0.8,0.7
Train_6,0.9,0.7
Train_6,1,0.7
Train_6,1.1,0.7
Train_6,1.2,0.7
Train_6,1.3,0.7
Train_6,1.4,0.7
Train_6,1.5,0.7
Train_6,1.6,0.7
Train_6,1.7,0.7
Train_6,1.8,0.7
Train_6,1.9,0.7
Train_6,2,0.7
Train_6,2.1,0.7
Train_6,2.2,0.7
Train_6,2.3,0.7
Train_6,2.4,0.7
Train_6,2.5,0.7
Train_6,2.6,0.7
Train_6,2.7,0.7
Train_6,2.8,0.7
Train_6,2.9,0.7
Train_6,3,0.7
Train_6,3.1,0.7
Train_6,3.2,0.7
Train_6,3.3,0.7
Train_6,3.4,0.7
Train_6,3.5,0.7
Train_6,3.6,0.7
Train_6,3.7,0.7
Train_6,3.8,0.7
Train_6,3.9,0.7
Train_6,4,0.7
Train_6,4.1,0.7
Train_6,4.2,0.7
Train_6,4.3,0.7
Train_6,4.4,0.7
Train_6,4.5,0.7
Train_6,4.6,0.7
Train_6,4.7,0.7
Train_6,4.8,0.7
Train_6,4.9,0.7
Train_6,5,0.7
Train_6,5.1,0.7
Train_6,5.2,0.7
Train_6,5.3,0.7
Train_6,5.4,0.7
Train_6,5.5,0.7
Train_6,5.6,0.7
Train_6,5.7,0.7
Train_6,5.8,0.7
Train_6,5.9,0.7
Train_6,6,0.7
Train_6,6.1,0.7
Train_6,6.2,0.7
Train_6,6.3,0.7
Train_6,6.4,0.7
Train_6,6.5,0.7
Train_6,6.6,0.7
Train_6,6.7,0.7
Train_6,6.8,0.7
Train_6,6.9,0.7
Train_6,7,0.7
Train_6,7.1,0.7
Train_6,7.2,0.7
Train_6,7.3,0.7
Train_6,7.4,0.7
Train_6,7.5,0.7
Train_6,7.6,0.7
Train_6,7.7,0.7
Train_6,7.8,0.7
Train_6,7.9,0.7
Train_6,8,0.7
Train_6,8.1,0.7
Train_6,8.2,0.7
Train_6,8.3,0.7
Train_6,8.4,0.7
Train_6,8.5,0.7
Train_6,8.6,0.7
Train_6,8.7,0.7
Train_6,8.8,0.7
Train_6,8.9,0.7
Train_6,9,0.7
Train_6,9.1,0.7
Train_6,9.2,0.7
Train_6,9.3,0.7
Train_6,9.4,0.7
Train_6,9.5,0.7
Train_6,9.6,0.7
Train_6,9.7,0.7
Train_6,9.8,0.7
Train_6,9.9,0.7
Train_6,10,0.7
Train_6,10.1,0.7
Train_6,10.2,0.7
Train_6,10.3,0.7
Train_6,10.4,0.7
Train_6,10.5,0.7
Train_6,10.6,0.7
Train_6,10.7,0.7
Train_6,10.8,0.7
Train_6,10.9,0.7
Train_6,11,0.7
Train_6,11.1,0.7
Train_6,11.2,0.7
Train_6,11.3,0.7
Train_6,11.4,0.7
Train_6,11.5,0.7
Train_6,11.6,0.7
Train_6,11.7,0.7
Train_6,11.8,0.7
Train_6,11.9,0.7
Train_6,12,0.7
Train_6,12.1,0.7
Train_6,12.2,0.7
Train_6,12.3,0.7
Train_6,12.4,0.7
Train_6,12.5,0.7
Train_6,12.6,0.7
Train_6,12.7,0.7
Train_6,12.8,0.7
Train_6,12.9,0.7
Train_6,13,0.7
Train_6,13.1,0.7
Train_6,13.2,0.7
Train_6,13.3,0.7
Train_6,13.4,0.7
Train_6,13.5,0.7
Train_6,13.6,0.7
Train_6,13.7,0.7
Train_6,13.8,0.7
Train_6,13.9,0.7
Train_6,14,0.7
Train_6,14.1,0.7
Train_6,14.2,0.7
Train_6,14.3,0.7
Train_6,14.4,0.7
Train_6,14.5,0.7
Train_6,14.6,0.7
Train_6,14.7,0.7
Train_6,14.8,0.7
Train_6,14.9,0.7
Train_6,15,0.7
Train_6,15.1,0.7
Train_6,15.2,0.7
Train_6,15.3,0.7
Train_6,15.4,0.7
Train_6,15.5,0.7
Train_6,15.6,0.7
Train_6,15.7,0.7
Train_6,15.8,0.7
Train_6,15.9,0.7
Train_6,16,0.7
Train_6,16.1,0.7
Train_6,16.2,0.7
Train_6,16.3,0.7
Train_6,16.4,0.7
Train_6,16.5,0.7
Train_6,16.6,0.7
Train_6,16.7,0.7
Train_6,16.8,0.7
Train_6,16.9,0.7
Train_6,17,0.7
Train_6,17.1,0.7
Train_6,17.2,0.7
Train_6,17.3,0.7
Train_6,17.4,0.7
Train_6,17.5,0.7
Train_6,17.6,0.7
Train_6,17.7,0.7
Train_6,17.8,0.7
Train_6,17.9,0.7
Train_6,18,0.7
Train_6,18.1,0.7
Train_6,18.2,0.7
Train_6,18.3,0.7
Train_6,18.4,0.7
Train_6,18.5,0.7
Train_6,18.6,0.7
Train_6,18.7,0.7
Train_6,18.8,0.7
Train_6,18.9,0.7
Train_6,19,0.7
Train_6,19.1,0.7
Train_6,19.2,0.7
Train_6,19.3,0.7
Train_6,19.4,0.7
Train_6,19.5,0.7
Train_6,19.6,0.7
Train_6,19.7,0.7
Train_6,19.8,0.7
Train_6,19.9,0.7
Train_6,20,0.7
Train_6,20.1,0.7
Train_6,20.2,0.7
Train_6,20.3,0.7
Train_6,20.4,0.7
Train_6,20.5,0.7
Train_6,20.6,0.7
Train_6,20.7,0.7
Train_6,20.8,0.7
Train_6,20.9,0.7
Train_6,21,0.7
Train_6,21.1,0.7
Train_6,21.2,0.7
Train_6,21.3,0.7
Train_6,21.4,0.7
Train_6,21.5,0.7
Train_6,21.6,0.7
Train_6,21.7,0.7
Train_6,21.8,0.7
Train_6,21.9,0.7
Train_6,22,0.7
Train_6,22.1,0.7
Train_6,22.2,0.7
Train_6,22.3,0.7
Train_6,22.4,0.7
Train_6,22.5,0.7
Train_6,22.6,0.7
Train_6,22.7,0.7
Train_6,22.8,0.7
Train_6,22.9,0.7
Train_6,23,0.7
Train_6,23.1,0.7
Train_6,23.2,0.7
Train_6,23.3,0.7
Train_6,23.4,0.7
Train_6,23.5,0.7
Train_6,23.6,0.7
Train_6,23.7,0.7
Train_6,23.8,0.7
Train_6,23.9,0.7
Train_6,24,0.7
Train_6,24.1,0.7
Train_6,24.2,0.7
Train_6,24.3,0.7
Train_6,24.4,0.7
Train_6,24.5,0.7
Train_6,24.6,0.7
Train_6,24.7,0.7
Train_6,24.8,0.7
Train_6,24.9,0.7
Train_6,25,0.7
Train_6,25.1,0.7
Train_6,25.2,0.7
Train_6,25.3,0.7
Train_6,25.4,0.7
Train_6,25.5,0.7
Train_6,25.6,0.7
Train_6,25.7,0.7
Train_6,25.8,0.7
Train_6,25.9,0.7
Train_6,26,0.7
Train_6,26.1,0.7
Train_6,26.2,0.7
Train_6,26.3,0.7
Train_6,26.4,0.7
Train_6,26.5,0.7
Train_6,26.6,0.7
Train_6,26.7,0.7
Train_6,26.8,0.7
Train_6,26.9,0.7
Train_6,27,0.7
Train_6,27.1,0.7
Train_6,27.2,0.7
Train_6,27.3,0.7
Train_6,27.4,0.7
Train_6,27.5,0.7
Train_6,27.6,0.7
Train_6,27.7,0.7
Train_6,27.8,0.7
Train_6,27.9,0.7
Train_6,28,0.7
Train_6,28.1,0.7
Train_6,28.2,0.7
Train_6,28.3,0.7
Train_6,28.4,0.7
Train_6,28.5,0.7
Train_6,28.6,0.7
Train_6,28.7,0.7
Train_6,28.8,0.7
Train_6,28.9,0.7
Train_6,29,0.7
Train_6,29.1,0.7
Train_6,29.2,0.7
Train_6,29.3,0.7
Train_6,29.4,0.7
Train_6,29.5,0.7
Train_6,29.6,0.7
Train_6,29.7,0.7
Train_6,29.8,0.7
Train_6,29.9,0.7
Train_6,30,0.7
Train_6,30.1,0.7
Train_6,30.2,0.7
Train_6,30.3,0.7
Train_6,30.4,0.7
Train_6,30.5,0.7
Train_6,30.6,0.7
Train_6,30.7,0.7
Train_6,30.8,0.7
Train_6,30.9,0.7
Train_6,31,0.7
Train_6,31.1,0.7
Train_6,31.2,0.7
Train_6,31.3,0.7
Train_6,31.4,0.7
Train_6,31.5,0.7
Train_6,31.6,0.7
Train_6,31.7,0.7
Train_6,31.8,0.7
Train_6,31.9,0.7
Train_6,32,0.7
Train_6,32.1,0.7
Train_6,32.2,0.7
Train_6,32.3,0.7
Train_6,32.4,0.7
Train_6,32.5,0.7
Train_6,32.6,0.7
Train_6,32.7,0.7
Train_6,32.8,0.7
Train_6,32.9,0.7
Train_6,33,0.7
Train_6,33.1,0.7
Train_6,33.2,0.7
Train_6,33.3,0.7
Train_6,33.4,0.7
Train_6,33.5,0.7
Train_6,33.6,0.7
Train_6,33.7,0.7
Train_6,33.8,0.7
Train_6,33.9,0.7
Train_6,34,0.7
Train_6,34.1,0.7
Train_6,34.2,0.7
Train_6,34.3,0.7
Train_6,34.4,0.7
Train_6,34.5,0.7
Train_6,34.6,0.7
Train_6,34.7,0.7
Train_6,34.8,0.7
Train_6,34.9,0.7
Train_6,35,0.7
Train_6,35.1,0.7
Train_6,35.2,0.7
Train_6,35.3,0.7
Train_6,35.4,0.7
Train_6,35.5,0.7
Train_6,35.6,0.7
Train_6,35.7,0.7
Train_6,35.8,0.7
Train_6,35.9,0.7
Train_6,36,0.7
Train_6,36.1,0.7
Train_6,36.2,0.7
Train_6,36.3,0.7
Train_6,36.4,0.7
Train_6,36.5,0.7
Train_6,36.6,0.7
Train_6,36.7,0.7
Train_6,36.8,0.7
Train_6,36.9,0.7
Train_6,37,0.7
Train_6,37.1,0.7
Train_6,37.2,0.7
Train_6,37.3,0.7
Train_6,37.4,0.7
Train_6,37.5,0.7
Train_6,37.6,0.7
Train_6,37.7,0.7
Train_6,37.8,0.7
Train_6,37.9,0.7
Train_6,38,0.7
Train_6,38.1,0.7
Train_6,38.2,0.7
Train_6,38.3,0.7
Train_6,38.4,0.7
Train_6,38.5,0.7
Train_6,38.6,0.7
Train_6,38.7,0.7
Train_6,38.8,0.7
Train_6,38.9,0.7
Train_6,39,0.7
Train_6,39.1,0.7
Train_6,39.2,0.7
Train_6,39.3,0.7
Train_6,39.4,0.7
Train_6,39.5,0.7
Train_6,39.6,0.7
Train_6,39.7,0.7
Train_6,39.8,0.7
Train_6,39.9,0.7
Train_6,40,0.7
Train_6,40.1,0.7
Train_6,40.2,0.7
Train_6,40.3,0.7
Train_6,40.4,0.7
Train_6,40.5,0.7
Train_6,40.6,0.7
Train_6,40.7,0.7
Train_6,40.8,0.7
Train_6,40.9,0.7
Train_6,41,0.7
Train_6,41.1,0.7
Train_6,41.2,0.7
Train_6,41.3,0.7
Train_6,41.4,0.7
Train_6,41.5,0.7
Train_6,41.6,0.7
Train_6,41.7,0.7
Train_6,41.8,0.7
Train_6,41.9,0.7
Train_6,42,0.7
Train_6,42.1,0.7
Train_6,42.2,0.7
Train_6,42.3,0.7
Train_6,42.4,0.7
Train_6,42.5,0.7
Train_6,42.6,0.7
Train_6,42.7,0.7
Train_6,42.8,0.7
Train_6,42.9,0.7
Train_6,43,0.7
Train_6,43.1,0.7
Train_6,43.2,0.7
Train_6,43.3,0.7
Train_6,43.4,0.7
Train_6,43.5,0.7
Train_6,43.6,0.7
Train_6,43.7,0.7
Train_6,43.8,0.7
Train_6,43.9,0.7
Train_6,44,0.7
Train_6,44.1,0.7
Train_6,44.2,0.7
Train_6,44.3,0.7
Train_6,44.4,0.7
Train_6,44.5,0.7
Train_6,44.6,0.7
Train_6,44.7,0.7
Train_6,44.8,0.7
Train_6,44.9,0.7
Train_6,45,0.7
Train_6,45.1,0.7
Train_6,45.2,0.7
Train_6,45.3,0.7
Train_6,45.4,0.7
Train_6,45.5,0.7
Train_6,45.6,0.7
Train_6,45.7,0.7
Train_6,45.8,0.7
Train_6,45.9,0.7
Train_6,46,0.7
Train_6,46.1,0.7
Train_6,46.2,0.7
Train_6,46.3,0.7
Train_6,46.4,0.7
Train_6,46.5,0.7
Train_6,46.6,0.7
Train_6,46.7,0.7
Train_6,46.8,0.7
Train_6,46.9,0.7
Train_6,47,0.7
Train_6,47.1,0.7
Train_6,47.2,0.7
Train_6,47.3,0.7
Train_6,47.4,0.7
Train_6,47.5,0.7
Train_6,47.6,0.7
Train_6,47.7,0.7
Train_6,47.8,0.7
Train_6,47.9,0.7
Train_6,48,0.7
Train_6,48.1,0.7
Train_6,48.2,0.7
Train_6,48.3,0.7
Train_6,48.4,0.7
Train_6,48.5,0.7
Train_6,48.6,0.7
Train_6,48.7,0.7
Train_6,48.8,0.7
Train_6,48.9,0.7
Train_6,49,0.7
Train_6,49.1,0.7
Train_6,49.2,0.7
Train_6,49.3,0.7
Train_6,49.4,0.7
Train_6,49.5,0.7
Train_6,49.6,0.7
Train_6,49.7,0.7
Train_6,49.8,0.7
Train_6,49.9,0.7
Test_1,0,-0.1
Test_1,0.1,-0.1
Test_1,0.2,-0.1
Test_1,0.3,-0.1
Test_1,0.4,-0.1
Test_1,0.5,-0.1
Test_1,0.6,-0.1
Test_1,0.7,-0.1
Test_1,0.8,-0.1
Test_1,0.9,-0.1
Test_1,1,-0.1
Test_1,1.1,-0.1
Test_1,1.2,-0.1
Test_1,1.3,-0.1
Test_1,1.4,-0.1
Test_1,1.5,-0.1
Test_1,1.6,-0.1
Test_1,1.7,-0.1
Test_1,1.8,-0.1
Test_1,1.9,-0.1
Test_1,2,-0.1
Test_1,2.1,-0.1
Test_1,2.2,-0.1
Test_1,2.3,-0.1
Test_1,2.4,-0.1
Test_1,2.5,-0.1
Test_1,2.6,-0.1
Test_1,2.7,-0.1
Test_1,2.8,-0.1
Test_1,2.9,-0.1
Test_1,3,-0.1
Test_1,3.1,-0.1
Test_1,3.2,-0.1
Test_1,3.3,-0.1
Test_1,3.4,-0.1
Test_1,3.5,-0.1
Test_1,3.6,-0.1
Test_1,3.7,-0.1
Test_1,3.8,-0.1
Test_1,3.9,-0.1
Test_1,4,-0.1
Test_1,4.1,-0.1
Test_1,4.2,-0.1
Test_1,4.3,-0.1
Test_1,4.4,-0.1
Test_1,4.5,-0.1
Test_1,4.6,-0.1
Test_1,4.7,-0.1
Test_1,4.8,-0.1
Test_1,4.9,-0.1
Test_1,5,-0.1
Test_1,5.1,-0.1
Test_1,5.2,-0.1
Test_1,5.3,-0.1
Test_1,5.4,-0.1
Test_1,5.5,-0.1
Test_1,5.6,-0.1
Test_1,5.7,-0.1
Test_1,5.8,-0.1
Test_1,5.9,-0.1
Test_1,6,-0.1
Test_1,6.1,-0.1
Test_1,6.2,-0.1
Test_1,6.3,-0.1
Test_1,6.4,-0.1
Test_1,6.5,-0.1
Test_1,6.6,-0.1
Test_1,6.7,-0.1
Test_1,6.8,-0.1
Test_1,6.9,-0.1
Test_1,7,-0.1
Test_1,7.1,-0.1
Test_1,7.2,-0.1
Test_1,7.3,-0.1
Test_1,7.4,-0.1
Test_1,7.5,-0.1
Test_1,7.6,-0.1
Test_1,7.7,-0.1
Test_1,7.8,-0.1
Test_1,7.9,-0.1
Test_1,8,-0.1
Test_1,8.1,-0.1
Test_1,8.2,-0.1
Test_1,8.3,-0.1
Test_1,8.4,-0.1
Test_1,8.5,-0.1
Test_1,8.6,-0.1
Test_1,8.7,-0.1
Test_1,8.8,-0.1
Test_1,8.9,-0.1
Test_1,9,-0.1
Test_1,9.1,-0.1
Test_1,9.2,-0.1
Test_1,9.3,-0.1
Test_1,9.4,-0.1
Test_1,9.5,-0.1
Test_1,9.6,-0.1
Test_1,9.7,-0.1
Test_1,9.8,-0.1
Test_1,9.9,-0.1
Test_1,10,-0.1
Test_1,10.1,-0.1
Test_1,10.2,-0.1
Test_1,10.3,-0.1
Test_1,10.4,-0.1
Test_1,10.5,-0.1
Test_1,10.6,-0.1
Test_1,10.7,-0.1
Test_1,10.8,-0.1
Test_1,10.9,-0.1
Test_1,11,-0.1
Test_1,11.1,-0.1
Test_1,11.2,-0.1
Test_1,11.3,-0.1
Test_1,11.4,-0.1
Test_1,11.5,-0.1
Test_1,11.6,-0.1
Test_1,11.7,-0.1
Test_1,11.8,-0.1
Test_1,11.9,-0.1
Test_1,12,-0.1
Test_1,12.1,-0.1
Test_1,12.2,-0.1
Test_1,12.3,-0.1
Test_1,12.4,-0.1
Test_1,12.5,-0.1
Test_1,12.6,-0.1
Test_1,12.7,-0.1
Test_1,12.8,-0.1
Test_1,12.9,-0.1
Test_1,13,-0.1
Test_1,13.1,-0.1
Test_1,13.2,-0.1
Test_1,13.3,-0.1
Test_1,13.4,-0.1
Test_1,13.5,-0.1
Test_1,13.6,-0.1
Test_1,13.7,-0.1
Test_1,13.8,-0.1
Test_1,13.9,-0.1
Test_1,14,-0.1
Test_1,14.1,-0.1
Test_1,14.2,-0.1
Test_1,14.3,-0.1
Test_1,14.4,-0.1
Test_1,14.5,-0.1
Test_1,14.6,-0.1
Test_1,14.7,-0.1
Test_1,14.8,-0.1
Test_1,14.9,-0.1
Test_1,15,-0.1
Test_1,15.1,-0.1
Test_1,15.2,-0.1
Test_1,15.3,-0.1
Test_1,15.4,-0.1
Test_1,15.5,-0.1
Test_1,15.6,-0.1
Test_1,15.7,-0.1
Test_1,15.8,-0.1
Test_1,15.9,-0.1
Test_1,16,-0.1
Test_1,16.1,-0.1
Test_1,16.2,-0.1
Test_1,16.3,-0.1
Test_1,16.4,-0.1
Test_1,16.5,-0.1
Test_1,16.6,-0.1
Test_1,16.7,-0.1
Test_1,16.8,-0.1
Test_1,16.9,-0.1
Test_1,17,-0.1
Test_1,17.1,-0.1
Test_1,17.2,-0.1
Test_1,17.3,-0.1
Test_1,17.4,-0.1
Test_1,17.5,-0.1
Test_1,17.6,-0.1
Test_1,17.7,-0.1
Test_1,17.8,-0.1
Test_1,17.9,-0.1
Test_1,18,-0.1
Test_1,18.1,-0.1
Test_1,18.2,-0.1
Test_1,18.3,-0.1
Test_1,18.4,-0.1
Test_1,18.5,-0.1
Test_1,18.6,-0.1
Test_1,18.7,-0.1
Test_1,18.8,-0.1
Test_1,18.9,-0.1
Test_1,19,-0.1
Test_1,19.1,-0.1
Test_1,19.2,-0.1
Test_1,19.3,-0.1
Test_1,19.4,-0.1
Test_1,19.5,-0.1
Test_1,19.6,-0.1
Test_1,19.7,-0.1
Test_1,19.8,-0.1
Test_1,19.9,-0.1
Test_1,20,-0.1
Test_1,20.1,-0.1
Test_1,20.2,-0.1
Test_1,20.3,-0.1
Test_1,20.4,-0.1
Test_1,20.5,-0.1
Test_1,20.6,-0.1
Test_1,20.7,-0.1
Test_1,20.8,-0.1
Test_1,20.9,-0.1
Test_1,21,-0.1
Test_1,21.1,-0.1
Test_1,21.2,-0.1
Test_1,21.3,-0.1
Test_1,21.4,-0.1
Test_1,21.5,-0.1
Test_1,21.6,-0.1
Test_1,21.7,-0.1
Test_1,21.8,-0.1
Test_1,21.9,-0.1
Test_1,22,-0.1
Test_1,22.1,-0.1
Test_1,22.2,-0.1
Test_1,22.3,-0.1
Test_1,22.4,-0.1
Test_1,22.5,-0.1
Test_1,22.6,-0.1
Test_1,22.7,-0.1
Test_1,22.8,-0.1
Test_1,22.9,-0.1
Test_1,23,-0.1
Test_1,23.1,-0.1
Test_1,23.2,-0.1
Test_1,23.3,-0.1
Test_1,23.4,-0.1
Test_1,23.5,-0.1
Test_1,23.6,-0.1
Test_1,23.7,-0.1
Test_1,23.8,-0.1
Test_1,23.9,-0.1
Test_1,24,-0.1
Test_1,24.1,-0.1
Test_1,24.2,-0.1
Test_1,24.3,-0.1
Test_1,24.4,-0.1
Test_1,24.5,-0.1
Test_1,24.6,-0.1
Test_1,24.7,-0.1
Test_1,24.8,-0.1
Test_1,24.9,-0.1
Test_1,25,-0.1
Test_1,25.1,-0.1
Test_1,25.2,-0.1
Test_1,25.3,-0.1
Test_1,25.4,-0.1
Test_1,25.5,-0.1
Test_1,25.6,-0.1
Test_1,25.7,-0.1
Test_1,25.8,-0.1
Test_1,25.9,-0.1
Test_1,26,-0.1
Test_1,26.1,-0.1
Test_1,26.2,-0.1
Test_1,26.3,-0.1
Test_1,26.4,-0.1
Test_1,26.5,-0.1
Test_1,26.6,-0.1
Test_1,26.7,-0.1
Test_1,26.8,-0.1
Test_1,26.9,-0.1
Test_1,27,-0.1
Test_1,27.1,-0.1
Test_1,27.2,-0.1
Test_1,27.3,-0.1
Test_1,27.4,-0.1
Test_1,27.5,-0.1
Test_1,27.6,-0.1
Test_1,27.7,-0.1
Test_1,27.8,-0.1
Test_1,27.9,-0.1
Test_1,28,-0.1
Test_1,28.1,-0.1
Test_1,28.2,-0.1
Test_1,28.3,-0.1
Test_1,28.4,-0.1
Test_1,28.5,-0.1
Test_1,28.6,-0.1
Test_1,28.7,-0.1
Test_1,28.8,-0.1
Test_1,28.9,-0.1
Test_1,29,-0.1
Test_1,29.1,-0.1
Test_1,29.2,-0.1
Test_1,29.3,-0.1
Test_1,29.4,-0.1
Test_1,29.5,-0.1
Test_1,29.6,-0.1
Test_1,29.7,-0.1
Test_1,29.8,-0.1
Test_1,29.9,-0.1
Test_1,30,-0.1
Test_1,30.1,-0.1
Test_1,30.2,-0.1
Test_1,30.3,-0.1
Test_1,30.4,-0.1
Test_1,30.5,-0.1
Test_1,30.6,-0.1
Test_1,30.7,-0.1
Test_1,30.8,-0.1
Test_1,30.9,-0.1
Test_1,31,-0.1
Test_1,31.1,-0.1
Test_1,31.2,-0.1
Test_1,31.3,-0.1
Test_1,31.4,-0.1
Test_1,31.5,-0.1
Test_1,31.6,-0.1
Test_1,31.7,-0.1
Test_1,31.8,-0.1
Test_1,31.9,-0.1
Test_1,32,-0.1
Test_1,32.1,-0.1
Test_1,32.2,-0.1
Test_1,32.3,-0.1
Test_1,32.4,-0.1
Test_1,32.5,-0.1
Test_1,32.6,-0.1
Test_1,32.7,-0.1
Test_1,32.8,-0.1
Test_1,32.9,-0.1
Test_1,33,-0.1
Test_1,33.1,-0.1
Test_1,33.2,-0.1
Test_1,33.3,-0.1
Test_1,33.4,-0.1
Test_1,33.5,-0.1
Test_1,33.6,-0.1
Test_1,33.7,-0.1
Test_1,33.8,-0.1
Test_1,33.9,-0.1
Test_1,34,-0.1
Test_1,34.1,-0.1
Test_1,34.2,-0.1
Test_1,34.3,-0.1
Test_1,34.4,-0.1
Test_1,34.5,-0.1
Test_1,34.6,-0.1
Test_1,34.7,-0.1
Test_1,34.8,-0.1
Test_1,34.9,-0.1
Test_1,35,-0.1
Test_1,35.1,-0.1
Test_1,35.2,-0.1
Test_1,35.3,-0.1
Test_1,35.4,-0.1
Test_1,35.5,-0.1
Test_1,35.6,-0.1
Test_1,35.7,-0.1
Test_1,35.8,-0.1
Test_1,35.9,-0.1
Test_1,36,-0.1
Test_1,36.1,-0.1
Test_1,36.2,-0.1
Test_1,36.3,-0.1
Test_1,36.4,-0.1
Test_1,36.5,-0.1
Test_1,36.6,-0.1
Test_1,36.7,-0.1
Test_1,36.8,-0.1
Test_1,36.9,-0.1
Test_1,37,-0.1
Test_1,37.1,-0.1
Test_1,37.2,-0.1
Test_1,37.3,-0.1
Test_1,37.4,-0.1
Test_1,37.5,-0.1
Test_1,37.6,-0.1
Test_1,37.7,-0.1
Test_1,37.8,-0.1
Test_1,37.9,-0.1
Test_1,38,-0.1
Test_1,38.1,-0.1
Test_1,38.2,-0.1
Test_1,38.3,-0.1
Test_1,38.4,-0.1
Test_1,38.5,-0.1
Test_1,38.6,-0.1
Test_1,38.7,-0.1
Test_1,38.8,-0.1
Test_1,38.9,-0.1
Test_1,39,-0.1
Test_1,39.1,-0.1
Test_1,39.2,-0.1
Test_1,39.3,-0.1
Test_1,39.4,-0.1
Test_1,39.5,-0.1
Test_1,39.6,-0.1
Test_1,39.7,-0.1
Test_1,39.8,-0.1
Test_1,39.9,-0.1
Test_1,40,-0.1
Test_1,40.1,-0.1
Test_1,40.2,-0.1
Test_1,40.3,-0.1
Test_1,40.4,-0.1
Test_1,40.5,-0.1
Test_1,40.6,-0.1
Test_1,40.7,-0.1
Test_1,40.8,-0.1
Test_1,40.9,-0.1
Test_1,41,-0.1
Test_1,41.1,-0.1
Test_1,41.2,-0.1
Test_1,41.3,-0.1
Test_1,41.4,-0.1
Test_1,41.5,-0.1
Test_1,41.6,-0.1
Test_1,41.7,-0.1
Test_1,41.8,-0.1
Test_1,41.9,-0.1
Test_1,42,-0.1
Test_1,42.1,-0.1
Test_1,42.2,-0.1
Test_1,42.3,-0.1
Test_1,42.4,-0.1
Test_1,42.5,-0.1
Test_1,42.6,-0.1
Test_1,42.7,-0.1
Test_1,42.8,-0.1
Test_1,42.9,-0.1
Test_1,43,-0.1
Test_1,43.1,-0.1
Test_1,43.2,-0.1
Test_1,43.3,-0.1
Test_1,43.4,-0.1
Test_1,43.5,-0.1
Test_1,43.6,-0.1
Test_1,43.7,-0.1
Test_1,43.8,-0.1
Test_1,43.9,-0.1
Test_1,44,-0.1
Test_1,44.1,-0.1
Test_1,44.2,-0.1
Test_1,44.3,-0.1
Test_1,44.4,-0.1
Test_1,44.5,-0.1
Test_1,44.6,-0.1
Test_1,44.7,-0.1
Test_1,44.8,-0.1
Test_1,44.9,-0.1
Test_1,45,-0.1
Test_1,45.1,-0.1
Test_1,45.2,-0.1
Test_1,45.3,-0.1
Test_1,45.4,-0.1
Test_1,45.5,-0.1
Test_1,45.6,-0.1
Test_1,45.7,-0.1
Test_1,45.8,-0.1
Test_1,45.9,-0.1
Test_1,46,-0.1
Test_1,46.1,-0.1
Test_1,46.2,-0.1
Test_1,46.3,-0.1
Test_1,46.4,-0.1
Test_1,46.5,-0.1
Test_1,46.6,-0.1
Test_1,46.7,-0.1
Test_1,46.8,-0.1
Test_1,46.9,-0.1
Test_1,47,-0.1
Test_1,47.1,-0.1
Test_1,47.2,-0.1
Test_1,47.3,-0.1
Test_1,47.4,-0.1
Test_1,47.5,-0.1
Test_1,47.6,-0.1
Test_1,47.7,-0.1
Test_1,47.8,-0.1
Test_1,47.9,-0.1
Test_1,48,-0.1
Test_1,48.1,-0.1
Test_1,48.2,-0.1
Test_1,48.3,-0.1
Test_1,48.4,-0.1
Test_1,48.5,-0.1
Test_1,48.6,-0.1
Test_1,48.7,-0.1
Test_1,48.8,-0.1
Test_1,48.9,-0.1
Test_1,49,-0.1
Test_1,49.1,-0.1
Test_1,49.2,-0.1
Test_1,49.3,-0.1
Test_1,49.4,-0.1
Test_1,49.5,-0.1
Test_1,49.6,-0.1
Test_1,49.7,-0.1
Test_1,49.8,-0.1
Test_1,49.9,-0.1
Test_2,0,0
Test_2,0.1,0
Test_2,0.2,0
Test_2,0.3,0
Test_2,0.4,0
Test_2,0.5,0
Test_2,0.6,0
Test_2,0.7,0
Test_2,0.8,0
Test_2,0.9,0
Test_2,1,0
Test_2,1.1,0
Test_2,1.2,0
Test_2,1.3,0
Test_2,1.4,0
Test_2,1.5,0
Test_2,1.6,0
Test_2,1.7,0
Test_2,1.8,0
Test_2,1.9,0
Test_2,2,0
Test_2,2.1,0
Test_2,2.2,0
Test_2,2.3,0
Test_2,2.4,0
Test_2,2.5,0
Test_2,2.6,0
Test_2,2.7,0
Test_2,2.8,0
Test_2,2.9,0
Test_2,3,0
Test_2,3.1,0
Test_2,3.2,0
Test_2,3.3,0
Test_2,3.4,0
Test_2,3.5,0
Test_2,3.6,0
Test_2,3.7,0
Test_2,3.8,0
Test_2,3.9,0
Test_2,4,0
Test_2,4.1,0
Test_2,4.2,0
Test_2,4.3,0
Test_2,4.4,0
Test_2,4.5,0
Test_2,4.6,0
Test_2,4.7,0
Test_2,4.8,0
Test_2,4.9,0
Test_2,5,0
Test_2,5.1,0
Test_2,5.2,0
Test_2,5.3,0
Test_2,5.4,0
Test_2,5.5,0
Test_2,5.6,0
Test_2,5.7,0
Test_2,5.8,0
Test_2,5.9,0
Test_2,6,0
Test_2,6.1,0
Test_2,6.2,0
Test_2,6.3,0
Test_2,6.4,0
Test_2,6.5,0
Test_2,6.6,0
Test_2,6.7,0
Test_2,6.8,0
Test_2,6.9,0
Test_2,7,0
Test_2,7.1,0
Test_2,7.2,0
Test_2,7.3,0
Test_2,7.4,0
Test_2,7.5,0
Test_2,7.6,0
Test_2,7.7,0
Test_2,7.8,0
Test_2,7.9,0
Test_2,8,0
Test_2,8.1,0
Test_2,8.2,0
Test_2,8.3,0
Test_2,8.4,0
Test_2,8.5,0
Test_2,8.6,0
Test_2,8.7,0
Test_2,8.8,0
Test_2,8.9,0
Test_2,9,0
Test_2,9.1,0
Test_2,9.2,0
Test_2,9.3,0
Test_2,9.4,0
Test_2,9.5,0
Test_2,9.6,0
Test_2,9.7,0
Test_2,9.8,0
Test_2,9.9,0
Test_2,10,0
Test_2,10.1,0
Test_2,10.2,0
Test_2,10.3,0
Test_2,10.4,0
Test_2,10.5,0
Test_2,10.6,0
Test_2,10.7,0
Test_2,10.8,0
Test_2,10.9,0
Test_2,11,0
Test_2,11.1,0
Test_2,11.2,0
Test_2,11.3,0
Test_2,11.4,0
Test_2,11.5,0
Test_2,11.6,0
Test_2,11.7,0
Test_2,11.8,0
Test_2,11.9,0
Test_2,12,0
Test_2,12.1,0
Test_2,12.2,0
Test_2,12.3,0
Test_2,12.4,0
Test_2,12.5,0
Test_2,12.6,0
Test_2,12.7,0
Test_2,12.8,0
Test_2,12.9,0
Test_2,13,0
Test_2,13.1,0
Test_2,13.2,0
Test_2,13.3,0
Test_2,13.4,0
Test_2,13.5,0
Test_2,13.6,0
Test_2,13.7,0
Test_2,13.8,0
Test_2,13.9,0
Test_2,14,0
Test_2,14.1,0
Test_2,14.2,0
Test_2,14.3,0
Test_2,14.4,0
Test_2,14.5,0
Test_2,14.6,0
Test_2,14.7,0
Test_2,14.8,0
Test_2,14.9,0
Test_2,15,0
Test_2,15.1,0
Test_2,15.2,0
Test_2,15.3,0
Test_2,15.4,0
Test_2,15.5,0
Test_2,15.6,0
Test_2,15.7,0
Test_2,15.8,0
Test_2,15.9,0
Test_2,16,0
Test_2,16.1,0
Test_2,16.2,0
Test_2,16.3,0
Test_2,16.4,0
Test_2,16.5,0
Test_2,16.6,0
Test_2,16.7,0
Test_2,16.8,0
Test_2,16.9,0
Test_2,17,0
Test_2,17.1,0
Test_2,17.2,0
Test_2,17.3,0
Test_2,17.4,0
Test_2,17.5,0
Test_2,17.6,0
Test_2,17.7,0
Test_2,17.8,0
Test_2,17.9,0
Test_2,18,0
Test_2,18.1,0
Test_2,18.2,0
Test_2,18.3,0
Test_2,18.4,0
Test_2,18.5,0
Test_2,18.6,0
Test_2,18.7,0
Test_2,18.8,0
Test_2,18.9,0
Test_2,19,0
Test_2,19.1,0
Test_2,19.2,0
Test_2,19.3,0
Test_2,19.4,0
Test_2,19.5,0
Test_2,19.6,0
Test_2,19.7,0
Test_2,19.8,0
Test_2,19.9,0
Test_2,20,0
Test_2,20.1,0
Test_2,20.2,0
Test_2,20.3,0
Test_2,20.4,0
Test_2,20.5,0
Test_2,20.6,0
Test_2,20.7,0
Test_2,20.8,0
Test_2,20.9,0
Test_2,21,0
Test_2,21.1,0
Test_2,21.2,0
Test_2,21.3,0
Test_2,21.4,0
Test_2,21.5,0
Test_2,21.6,0
Test_2,21.7,0
Test_2,21.8,0
Test_2,21.9,0
Test_2,22,0
Test_2,22.1,0
Test_2,22.2,0
Test_2,22.3,0
Test_2,22.4,0
Test_2,22.5,0
Test_2,22.6,0
Test_2,22.7,0
Test_2,22.8,0
Test_2,22.9,0
Test_2,23,0
Test_2,23.1,0
Test_2,23.2,0
Test_2,23.3,0
Test_2,23.4,0
Test_2,23.5,0
Test_2,23.6,0
Test_2,23.7,0
Test_2,23.8,0
Test_2,23.9,0
Test_2,24,0
Test_2,24.1,0
Test_2,24.2,0
Test_2,24.3,0
Test_2,24.4,0
Test_2,24.5,0
Test_2,24.6,0
Test_2,24.7,0
Test_2,24.8,0
Test_2,24.9,0
Test_2,25,0
Test_2,25.1,0
Test_2,25.2,0
Test_2,25.3,0
Test_2,25.4,0
Test_2,25.5,0
Test_2,25.6,0
Test_2,25.7,0
Test_2,25.8,0
Test_2,25.9,0
Test_2,26,0
Test_2,26.1,0
Test_2,26.2,0
Test_2,26.3,0
Test_2,26.4,0
Test_2,26.5,0
Test_2,26.6,0
Test_2,26.7,0
Test_2,26.8,0
Test_2,26.9,0
Test_2,27,0
Test_2,27.1,0
Test_2,27.2,0
Test_2,27.3,0
Test_2,27.4,0
Test_2,27.5,0
Test_2,27.6,0
Test_2,27.7,0
Test_2,27.8,0
Test_2,27.9,0
Test_2,28,0
Test_2,28.1,0
Test_2,28.2,0
Test_2,28.3,0
Test_2,28.4,0
Test_2,28.5,0
Test_2,28.6,0
Test_2,28.7,0
Test_2,28.8,0
Test_2,28.9,0
Test_2,29,0
Test_2,29.1,0
Test_2,29.2,0
Test_2,29.3,0
Test_2,29.4,0
Test_2,29.5,0
Test_2,29.6,0
Test_2,29.7,0
Test_2,29.8,0
Test_2,29.9,0
Test_2,30,0
Test_2,30.1,0
Test_2,30.2,0
Test_2,30.3,0
Test_2,30.4,0
Test_2,30.5,0
Test_2,30.6,0
Test_2,30.7,0
Test_2,30.8,0
Test_2,30.9,0
Test_2,31,0
Test_2,31.1,0
Test_2,31.2,0
Test_2,31.3,0
Test_2,31.4,0
Test_2,31.5,0
Test_2,31.6,0
Test_2,31.7,0
Test_2,31.8,0
Test_2,31.9,0
Test_2,32,0
Test_2,32.1,0
Test_2,32.2,0
Test_2,32.3,0
Test_2,32.4,0
Test_2,32.5,0
Test_2,32.6,0
Test_2,32.7,0
Test_2,32.8,0
Test_2,32.9,0
Test_2,33,0
Test_2,33.1,0
Test_2,33.2,0
Test_2,33.3,0
Test_2,33.4,0
Test_2,33.5,0
Test_2,33.6,0
Test_2,33.7,0
Test_2,33.8,0
Test_2,33.9,0
Test_2,34,0
Test_2,34.1,0
Test_2,34.2,0
Test_2,34.3,0
Test_2,34.4,0
Test_2,34.5,0
Test_2,34.6,0
Test_2,34.7,0
Test_2,34.8,0
Test_2,34.9,0
Test_2,35,0
Test_2,35.1,0
Test_2,35.2,0
Test_2,35.3,0
Test_2,35.4,0
Test_2,35.5,0
Test_2,35.6,0
Test_2,35.7,0
Test_2,35.8,0
Test_2,35.9,0
Test_2,36,0
Test_2,36.1,0
Test_2,36.2,0
Test_2,36.3,0
Test_2,36.4,0
Test_2,36.5,0
Test_2,36.6,0
Test_2,36.7,0
Test_2,36.8,0
Test_2,36.9,0
Test_2,37,0
Test_2,37.1,0
Test_2,37.2,0
Test_2,37.3,0
Test_2,37.4,0
Test_2,37.5,0
Test_2,37.6,0
Test_2,37.7,0
Test_2,37.8,0
Test_2,37.9,0
Test_2,38,0
Test_2,38.1,0
Test_2,38.2,0
Test_2,38.3,0
Test_2,38.4,0
Test_2,38.5,0
Test_2,38.6,0
Test_2,38.7,0
Test_2,38.8,0
Test_2,38.9,0
Test_2,39,0
Test_2,39.1,0
Test_2,39.2,0
Test_2,39.3,0
Test_2,39.4,0
Test_2,39.5,0
Test_2,39.6,0
Test_2,39.7,0
Test_2,39.8,0
Test_2,39.9,0
Test_2,40,0
Test_2,40.1,0
Test_2,40.2,0
Test_2,40.3,0
Test_2,40.4,0
Test_2,40.5,0
Test_2,40.6,0
Test_2,40.7,0
Test_2,40.8,0
Test_2,40.9,0
Test_2,41,0
Test_2,41.1,0
Test_2,41.2,0
Test_2,41.3,0
Test_2,41.4,0
Test_2,41.5,0
Test_2,41.6,0
Test_2,41.7,0
Test_2,41.8,0
Test_2,41.9,0
Test_2,42,0
Test_2,42.1,0
Test_2,42.2,0
Test_2,42.3,0
Test_2,42.4,0
Test_2,42.5,0
Test_2,42.6,0
Test_2,42.7,0
Test_2,42.8,0
Test_2,42.9,0
Test_2,43,0
Test_2,43.1,0
Test_2,43.2,0
Test_2,43.3,0
Test_2,43.4,0
Test_2,43.5,0
Test_2,43.6,0
Test_2,43.7,0
Test_2,43.8,0
Test_2,43.9,0
Test_2,44,0
Test_2,44.1,0
Test_2,44.2,0
Test_2,44.3,0
Test_2,44.4,0
Test_2,44.5,0
Test_2,44.6,0
Test_2,44.7,0
Test_2,44.8,0
Test_2,44.9,0
Test_2,45,0
Test_2,45.1,0
Test_2,45.2,0
Test_2,45.3,0
Test_2,45.4,0
Test_2,45.5,0
Test_2,45.6,0
Test_2,45.7,0
Test_2,45.8,0
Test_2,45.9,0
Test_2,46,0
Test_2,46.1,0
Test_2,46.2,0
Test_2,46.3,0
Test_2,46.4,0
Test_2,46.5,0
Test_2,46.6,0
Test_2,46.7,0
Test_2,46.8,0
Test_2,46.9,0
Test_2,47,0
Test_2,47.1,0
Test_2,47.2,0
Test_2,47.3,0
Test_2,47.4,0
Test_2,47.5,0
Test_2,47.6,0
Test_2,47.7,0
Test_2,47.8,0
Test_2,47.9,0
Test_2,48,0
Test_2,48.1,0
Test_2,48.2,0
Test_2,48.3,0
Test_2,48.4,0
Test_2,48.5,0
Test_2,48.6,0
Test_2,48.7,0
Test_2,48.8,0
Test_2,48.9,0
Test_2,49,0
Test_2,49.1,0
Test_2,49.2,0
Test_2,49.3,0
Test_2,49.4,0
Test_2,49.5,0
Test_2,49.6,0
Test_2,49.7,0
Test_2,49.8,0
Test_2,49.9,0
Test_3,0,0.3
Test_3,0.1,0.3
Test_3,0.2,0.3
Test_3,0.3,0.3
Test_3,0.4,0.3
Test_3,0.5,0.3
Test_3,0.6,0.3
Test_3,0.7,0.3
Test_3,0.8,0.3
Test_3,0.9,0.3
Test_3,1,0.3
Test_3,1.1,0.3
Test_3,1.2,0.3
Test_3,1.3,0.3
Test_3,1.4,0.3
Test_3,1.5,0.3
Test_3,1.6,0.3
Test_3,1.7,0.3
Test_3,1.8,0.3
Test_3,1.9,0.3
Test_3,2,0.3
Test_3,2.1,0.3
Test_3,2.2,0.3
Test_3,2.3,0.3
Test_3,2.4,0.3
Test_3,2.5,0.3
Test_3,2.6,0.3
Test_3,2.7,0.3
Test_3,2.8,0.3
Test_3,2.9,0.3
Test_3,3,0.3
Test_3,3.1,0.3
Test_3,3.2,0.3
Test_3,3.3,0.3
Test_3,3.4,0.3
Test_3,3.5,0.3
Test_3,3.6,0.3
Test_3,3.7,0.3
Test_3,3.8,0.3
Test_3,3.9,0.3
Test_3,4,0.3
Test_3,4.1,0.3
Test_3,4.2,0.3
Test_3,4.3,0.3
Test_3,4.4,0.3
Test_3,4.5,0.3
Test_3,4.6,0.3
Test_3,4.7,0.3
Test_3,4.8,0.3
Test_3,4.9,0.3
Test_3,5,0.3
Test_3,5.1,0.3
Test_3,5.2,0.3
Test_3,5.3,0.3
Test_3,5.4,0.3
Test_3,5.5,0.3
Test_3,5.6,0.3
Test_3,5.7,0.3
Test_3,5.8,0.3
Test_3,5.9,0.3
Test_3,6,0.3
Test_3,6.1,0.3
Test_3,6.2,0.3
Test_3,6.3,0.3
Test_3,6.4,0.3
Test_3,6.5,0.3
Test_3,6.6,0.3
Test_3,6.7,0.3
Test_3,6.8,0.3
Test_3,6.9,0.3
Test_3,7,0.3
Test_3,7.1,0.3
Test_3,7.2,0.3
Test_3,7.3,0.3
Test_3,7.4,0.3
Test_3,7.5,0.3
Test_3,7.6,0.3
Test_3,7.7,0.3
Test_3,7.8,0.3
Test_3,7.9,0.3
Test_3,8,0.3
Test_3,8.1,0.3
Test_3,8.2,0.3
Test_3,8.3,0.3
Test_3,8.4,0.3
Test_3,8.5,0.3
Test_3,8.6,0.3
Test_3,8.7,0.3
Test_3,8.8,0.3
Test_3,8.9,0.3
Test_3,9,0.3
Test_3,9.1,0.3
Test_3,9.2,0.3
Test_3,9.3,0.3
Test_3,9.4,0.3
Test_3,9.5,0.3
Test_3,9.6,0.3
Test_3,9.7,0.3
Test_3,9.8,0.3
Test_3,9.9,0.3
Test_3,10,0.3
Test_3,10.1,0.3
Test_3,10.2,0.3
Test_3,10.3,0.3
Test_3,10.4,0.3
Test_3,10.5,0.3
Test_3,10.6,0.3
Test_3,10.7,0.3
Test_3,10.8,0.3
Test_3,10.9,0.3
Test_3,11,0.3
Test_3,11.1,0.3
Test_3,11.2,0.3
Test_3,11.3,0.3
Test_3,11.4,0.3
Test_3,11.5,0.3
Test_3,11.6,0.3
Test_3,11.7,0.3
Test_3,11.8,0.3
Test_3,11.9,0.3
Test_3,12,0.3
Test_3,12.1,0.3
Test_3,12.2,0.3
Test_3,12.3,0.3
Test_3,12.4,0.3
Test_3,12.5,0.3
Test_3,12.6,0.3
Test_3,12.7,0.3
Test_3,12.8,0.3
Test_3,12.9,0.3
Test_3,13,0.3
Test_3,13.1,0.3
Test_3,13.2,0.3
Test_3,13.3,0.3
Test_3,13.4,0.3
Test_3,13.5,0.3
Test_3,13.6,0.3
Test_3,13.7,0.3
Test_3,13.8,0.3
Test_3,13.9,0.3
Test_3,14,0.3
Test_3,14.1,0.3
Test_3,14.2,0.3
Test_3,14.3,0.3
Test_3,14.4,0.3
Test_3,14.5,0.3
Test_3,14.6,0.3
Test_3,14.7,0.3
Test_3,14.8,0.3
Test_3,14.9,0.3
Test_3,15,0.3
Test_3,15.1,0.3
Test_3,15.2,0.3
Test_3,15.3,0.3
Test_3,15.4,0.3
Test_3,15.5,0.3
Test_3,15.6,0.3
Test_3,15.7,0.3
Test_3,15.8,0.3
Test_3,15.9,0.3
Test_3,16,0.3
Test_3,16.1,0.3
Test_3,16.2,0.3
Test_3,16.3,0.3
Test_3,16.4,0.3
Test_3,16.5,0.3
Test_3,16.6,0.3
Test_3,16.7,0.3
Test_3,16.8,0.3
Test_3,16.9,0.3
Test_3,17,0.3
Test_3,17.1,0.3
Test_3,17.2,0.3
Test_3,17.3,0.3
Test_3,17.4,0.3
Test_3,17.5,0.3
Test_3,17.6,0.3
Test_3,17.7,0.3
Test_3,17.8,0.3
Test_3,17.9,0.3
Test_3,18,0.3
Test_3,18.1,0.3
Test_3,18.2,0.3
Test_3,18.3,0.3
Test_3,18.4,0.3
Test_3,18.5,0.3
Test_3,18.6,0.3
Test_3,18.7,0.3
Test_3,18.8,0.3
Test_3,18.9,0.3
Test_3,19,0.3
Test_3,19.1,0.3
Test_3,19.2,0.3
Test_3,19.3,0.3
Test_3,19.4,0.3
Test_3,19.5,0.3
Test_3,19.6,0.3
Test_3,19.7,0.3
Test_3,19.8,0.3
Test_3,19.9,0.3
Test_3,20,0.3
Test_3,20.1,0.3
Test_3,20.2,0.3
Test_3,20.3,0.3
Test_3,20.4,0.3
Test_3,20.5,0.3
Test_3,20.6,0.3
Test_3,20.7,0.3
Test_3,20.8,0.3
Test_3,20.9,0.3
Test_3,21,0.3
Test_3,21.1,0.3
Test_3,21.2,0.3
Test_3,21.3,0.3
Test_3,21.4,0.3
Test_3,21.5,0.3
Test_3,21.6,0.3
Test_3,21.7,0.3
Test_3,21.8,0.3
Test_3,21.9,0.3
Test_3,22,0.3
Test_3,22.1,0.3
Test_3,22.2,0.3
Test_3,22.3,0.3
Test_3,22.4,0.3
Test_3,22.5,0.3
Test_3,22.6,0.3
Test_3,22.7,0.3
Test_3,22.8,0.3
Test_3,22.9,0.3
Test_3,23,0.3
Test_3,23.1,0.3
Test_3,23.2,0.3
Test_3,23.3,0.3
Test_3,23.4,0.3
Test_3,23.5,0.3
Test_3,23.6,0.3
Test_3,23.7,0.3
Test_3,23.8,0.3
Test_3,23.9,0.3
Test_3,24,0.3
Test_3,24.1,0.3
Test_3,24.2,0.3
Test_3,24.3,0.3
Test_3,24.4,0.3
Test_3,24.5,0.3
Test_3,24.6,0.3
Test_3,24.7,0.3
Test_3,24.8,0.3
Test_3,24.9,0.3
Test_3,25,0.3
Test_3,25.1,0.3
Test_3,25.2,0.3
Test_3,25.3,0.3
Test_3,25.4,0.3
Test_3,25.5,0.3
Test_3,25.6,0.3
Test_3,25.7,0.3
Test_3,25.8,0.3
Test_3,25.9,0.3
Test_3,26,0.3
Test_3,26.1,0.3
Test_3,26.2,0.3
Test_3,26.3,0.3
Test_3,26.4,0.3
Test_3,26.5,0.3
Test_3,26.6,0.3
Test_3,26.7,0.3
Test_3,26.8,0.3
Test_3,26.9,0.3
Test_3,27,0.3
Test_3,27.1,0.3
Test_3,27.2,0.3
Test_3,27.3,0.3
Test_3,27.4,0.3
Test_3,27.5,0.3
Test_3,27.6,0.3
Test_3,27.7,0.3
Test_3,27.8,0.3
Test_3,27.9,0.3
Test_3,28,0.3
Test_3,28.1,0.3
Test_3,28.2,0.3
Test_3,28.3,0.3
Test_3,28.4,0.3
Test_3,28.5,0.3
Test_3,28.6,0.3
Test_3,28.7,0.3
Test_3,28.8,0.3
Test_3,28.9,0.3
Test_3,29,0.3
Test_3,29.1,0.3
Test_3,29.2,0.3
Test_3,29.3,0.3
Test_3,29.4,0.3
Test_3,29.5,0.3
Test_3,29.6,0.3
Test_3,29.7,0.3
Test_3,29.8,0.3
Test_3,29.9,0.3
Test_3,30,0.3
Test_3,30.1,0.3
Test_3,30.2,0.3
Test_3,30.3,0.3
Test_3,30.4,0.3
Test_3,30.5,0.3
Test_3,30.6,0.3
Test_3,30.7,0.3
Test_3,30.8,0.3
Test_3,30.9,0.3
Test_3,31,0.3
Test_3,31.1,0.3
Test_3,31.2,0.3
Test_3,31.3,0.3
Test_3,31.4,0.3
Test_3,31.5,0.3
Test_3,31.6,0.3
Test_3,31.7,0.3
Test_3,31.8,0.3
Test_3,31.9,0.3
Test_3,32,0.3
Test_3,32.1,0.3
Test_3,32.2,0.3
Test_3,32.3,0.3
Test_3,32.4,0.3
Test_3,32.5,0.3
Test_3,32.6,0.3
Test_3,32.7,0.3
Test_3,32.8,0.3
Test_3,32.9,0.3
Test_3,33,0.3
Test_3,33.1,0.3
Test_3,33.2,0.3
Test_3,33.3,0.3
Test_3,33.4,0.3
Test_3,33.5,0.3
Test_3,33.6,0.3
Test_3,33.7,0.3
Test_3,33.8,0.3
Test_3,33.9,0.3
Test_3,34,0.3
Test_3,34.1,0.3
Test_3,34.2,0.3
Test_3,34.3,0.3
Test_3,34.4,0.3
Test_3,34.5,0.3
Test_3,34.6,0.3
Test_3,34.7,0.3
Test_3,34.8,0.3
Test_3,34.9,0.3
Test_3,35,0.3
Test_3,35.1,0.3
Test_3,35.2,0.3
Test_3,35.3,0.3
Test_3,35.4,0.3
Test_3,35.5,0.3
Test_3,35.6,0.3
Test_3,35.7,0.3
Test_3,35.8,0.3
Test_3,35.9,0.3
Test_3,36,0.3
Test_3,36.1,0.3
Test_3,36.2,0.3
Test_3,36.3,0.3
Test_3,36.4,0.3
Test_3,36.5,0.3
Test_3,36.6,0.3
Test_3,36.7,0.3
Test_3,36.8,0.3
Test_3,36.9,0.3
Test_3,37,0.3
Test_3,37.1,0.3
Test_3,37.2,0.3
Test_3,37.3,0.3
Test_3,37.4,0.3
Test_3,37.5,0.3
Test_3,37.6,0.3
Test_3,37.7,0.3
Test_3,37.8,0.3
Test_3,37.9,0.3
Test_3,38,0.3
Test_3,38.1,0.3
Test_3,38.2,0.3
Test_3,38.3,0.3
Test_3,38.4,0.3
Test_3,38.5,0.3
Test_3,38.6,0.3
Test_3,38.7,0.3
Test_3,38.8,0.3
Test_3,38.9,0.3
Test_3,39,0.3
Test_3,39.1,0.3
Test_3,39.2,0.3
Test_3,39.3,0.3
Test_3,39.4,0.3
Test_3,39.5,0.3
Test_3,39.6,0.3
Test_3,39.7,0.3
Test_3,39.8,0.3
Test_3,39.9,0.3
Test_3,40,0.3
Test_3,40.1,0.3
Test_3,40.2,0.3
Test_3,40.3,0.3
Test_3,40.4,0.3
Test_3,40.5,0.3
Test_3,40.6,0.3
Test_3,40.7,0.3
Test_3,40.8,0.3
Test_3,40.9,0.3
Test_3,41,0.3
Test_3,41.1,0.3
Test_3,41.2,0.3
Test_3,41.3,0.3
Test_3,41.4,0.3
Test_3,41.5,0.3
Test_3,41.6,0.3
Test_3,41.7,0.3
Test_3,41.8,0.3
Test_3,41.9,0.3
Test_3,42,0.3
Test_3,42.1,0.3
Test_3,42.2,0.3
Test_3,42.3,0.3
Test_3,42.4,0.3
Test_3,42.5,0.3
Test_3,42.6,0.3
Test_3,42.7,0.3
Test_3,42.8,0.3
Test_3,42.9,0.3
Test_3,43,0.3
Test_3,43.1,0.3
Test_3,43.2,0.3
Test_3,43.3,0.3
Test_3,43.4,0.3
Test_3,43.5,0.3
Test_3,43.6,0.3
Test_3,43.7,0.3
Test_3,43.8,0.3
Test_3,43.9,0.3
Test_3,44,0.3
Test_3,44.1,0.3
Test_3,44.2,0.3
Test_3,44.3,0.3
Test_3,44.4,0.3
Test_3,44.5,0.3
Test_3,44.6,0.3
Test_3,44.7,0.3
Test_3,44.8,0.3
Test_3,44.9,0.3
Test_3,45,0.3
Test_3,45.1,0.3
Test_3,45.2,0.3
Test_3,45.3,0.3
Test_3,45.4,0.3
Test_3,45.5,0.3
Test_3,45.6,0.3
Test_3,45.7,0.3
Test_3,45.8,0.3
Test_3,45.9,0.3
Test_3,46,0.3
Test_3,46.1,0.3
Test_3,46.2,0.3
Test_3,46.3,0.3
Test_3,46.4,0.3
Test_3,46.5,0.3
Test_3,46.6,0.3
Test_3,46.7,0.3
Test_3,46.8,0.3
Test_3,46.9,0.3
Test_3,47,0.3
Test_3,47.1,0.3
Test_3,47.2,0.3
Test_3,47.3,0.3
Test_3,47.4,0.3
Test_3,47.5,0.3
Test_3,47.6,0.3
Test_3,47.7,0.3
Test_3,47.8,0.3
Test_3,47.9,0.3
Test_3,48,0.3
Test_3,48.1,0.3
Test_3,48.2,0.3
Test_3,48.3,0.3
Test_3,48.4,0.3
Test_3,48.5,0.3
Test_3,48.6,0.3
Test_3,48.7,0.3
Test_3,48.8,0.3
Test_3,48.9,0.3
Test_3,49,0.3
Test_3,49.1,0.3
Test_3,49.2,0.3
Test_3,49.3,0.3
Test_3,49.4,0.3
Test_3,49.5,0.3
Test_3,49.6,0.3
Test_3,49.7,0.3
Test_3,49.8,0.3
Test_3,49.9,0.3
Test_4,0,-0.05
Test_4,0.1,-0.05
Test_4,0.2,-0.05
Test_4,0.3,-0.05
Test_4,0.4,-0.05
Test_4,0.5,-0.05
Test_4,0.6,-0.05
Test_4,0.7,-0.05
Test_4,0.8,-0.05
Test_4,0.9,-0.05
Test_4,1,-0.05
Test_4,1.1,-0.05
Test_4,1.2,-0.05
Test_4,1.3,-0.05
Test_4,1.4,-0.05
Test_4,1.5,-0.05
Test_4,1.6,-0.05
Test_4,1.7,-0.05
Test_4,1.8,-0.05
Test_4,1.9,-0.05
Test_4,2,-0.05
Test_4,2.1,-0.05
Test_4,2.2,-0.05
Test_4,2.3,-0.05
Test_4,2.4,-0.05
Test_4,2.5,-0.05
Test_4,2.6,-0.05
Test_4,2.7,-0.05
Test_4,2.8,-0.05
Test_4,2.9,-0.05
Test_4,3,-0.05
Test_4,3.1,-0.05
Test_4,3.2,-0.05
Test_4,3.3,-0.05
Test_4,3.4,-0.05
Test_4,3.5,-0.05
Test_4,3.6,-0.05
Test_4,3.7,-0.05
Test_4,3.8,-0.05
Test_4,3.9,-0.05
Test_4,4,-0.05
Test_4,4.1,-0.05
Test_4,4.2,-0.05
Test_4,4.3,-0.05
Test_4,4.4,-0.05
Test_4,4.5,-0.05
Test_4,4.6,-0.05
Test_4,4.7,-0.05
Test_4,4.8,-0.05
Test_4,4.9,-0.05
Test_4,5,-0.05
Test_4,5.1,-0.05
Test_4,5.2,-0.05
Test_4,5.3,-0.05
Test_4,5.4,-0.05
Test_4,5.5,-0.05
Test_4,5.6,-0.05
Test_4,5.7,-0.05
Test_4,5.8,-0.05
Test_4,5.9,-0.05
Test_4,6,-0.05
Test_4,6.1,-0.05
Test_4,6.2,-0.05
Test_4,6.3,-0.05
Test_4,6.4,-0.05
Test_4,6.5,-0.05
Test_4,6.6,-0.05
Test_4,6.7,-0.05
Test_4,6.8,-0.05
Test_4,6.9,-0.05
Test_4,7,-0.05
Test_4,7.1,-0.05
Test_4,7.2,-0.05
Test_4,7.3,-0.05
Test_4,7.4,-0.05
Test_4,7.5,-0.05
Test_4,7.6,-0.05
Test_4,7.7,-0.05
Test_4,7.8,-0.05
Test_4,7.9,-0.05
Test_4,8,-0.05
Test_4,8.1,-0.05
Test_4,8.2,-0.05
Test_4,8.3,-0.05
Test_4,8.4,-0.05
Test_4,8.5,-0.05
Test_4,8.6,-0.05
Test_4,8.7,-0.05
Test_4,8.8,-0.05
Test_4,8.9,-0.05
Test_4,9,-0.05
Test_4,9.1,-0.05
Test_4,9.2,-0.05
Test_4,9.3,-0.05
Test_4,9.4,-0.05
Test_4,9.5,-0.05
Test_4,9.6,-0.05
Test_4,9.7,-0.05
Test_4,9.8,-0.05
Test_4,9.9,-0.05
Test_4,10,-0.05
Test_4,10.1,-0.05
Test_4,10.2,-0.05
Test_4,10.3,-0.05
Test_4,10.4,-0.05
Test_4,10.5,-0.05
Test_4,10.6,-0.05
Test_4,10.7,-0.05
Test_4,10.8,-0.05
Test_4,10.9,-0.05
Test_4,11,-0.05
Test_4,11.1,-0.05
Test_4,11.2,-0.05
Test_4,11.3,-0.05
Test_4,11.4,-0.05
Test_4,11.5,-0.05
Test_4,11.6,-0.05
Test_4,11.7,-0.05
Test_4,11.8,-0.05
Test_4,11.9,-0.05
Test_4,12,-0.05
Test_4,12.1,-0.05
Test_4,12.2,-0.05
Test_4,12.3,-0.05
Test_4,12.4,-0.05
Test_4,12.5,-0.05
Test_4,12.6,-0.05
Test_4,12.7,-0.05
Test_4,12.8,-0.05
Test_4,12.9,-0.05
Test_4,13,-0.05
Test_4,13.1,-0.05
Test_4,13.2,-0.05
Test_4,13.3,-0.05
Test_4,13.4,-0.05
Test_4,13.5,-0.05
Test_4,13.6,-0.05
Test_4,13.7,-0.05
Test_4,13.8,-0.05
Test_4,13.9,-0.05
Test_4,14,-0.05
Test_4,14.1,-0.05
Test_4,14.2,-0.05
Test_4,14.3,-0.05
Test_4,14.4,-0.05
Test_4,14.5,-0.05
Test_4,14.6,-0.05
Test_4,14.7,-0.05
Test_4,14.8,-0.05
Test_4,14.9,-0.05
Test_4,15,-0.05
Test_4,15.1,-0.05
Test_4,15.2,-0.05
Test_4,15.3,-0.05
Test_4,15.4,-0.05
Test_4,15.5,-0.05
Test_4,15.6,-0.05
Test_4,15.7,-0.05
Test_4,15.8,-0.05
Test_4,15.9,-0.05
Test_4,16,-0.05
Test_4,16.1,-0.05
Test_4,16.2,-0.05
Test_4,16.3,-0.05
Test_4,16.4,-0.05
Test_4,16.5,-0.05
Test_4,16.6,-0.05
Test_4,16.7,-0.05
Test_4,16.8,-0.05
Test_4,16.9,-0.05
Test_4,17,-0.05
Test_4,17.1,-0.05
Test_4,17.2,-0.05
Test_4,17.3,-0.05
Test_4,17.4,-0.05
Test_4,17.5,-0.05
Test_4,17.6,-0.05
Test_4,17.7,-0.05
Test_4,17.8,-0.05
Test_4,17.9,-0.05
Test_4,18,-0.05
Test_4,18.1,-0.05
Test_4,18.2,-0.05
Test_4,18.3,-0.05
Test_4,18.4,-0.05
Test_4,18.5,-0.05
Test_4,18.6,-0.05
Test_4,18.7,-0.05
Test_4,18.8,-0.05
Test_4,18.9,-0.05
Test_4,19,-0.05
Test_4,19.1,-0.05
Test_4,19.2,-0.05
Test_4,19.3,-0.05
Test_4,19.4,-0.05
Test_4,19.5,-0.05
Test_4,19.6,-0.05
Test_4,19.7,-0.05
Test_4,19.8,-0.05
Test_4,19.9,-0.05
Test_4,20,0
Test_4,20.1,0
Test_4,20.2,0
Test_4,20.3,0
Test_4,20.4,0
Test_4,20.5,0
Test_4,20.6,0
Test_4,20.7,0
Test_4,20.8,0
Test_4,20.9,0
Test_4,21,0
Test_4,21.1,0
Test_4,21.2,0
Test_4,21.3,0
Test_4,21.4,0
Test_4,21.5,0
Test_4,21.6,0
Test_4,21.7,0
Test_4,21.8,0
Test_4,21.9,0
Test_4,22,0
Test_4,22.1,0
Test_4,22.2,0
Test_4,22.3,0
Test_4,22.4,0
Test_4,22.5,0
Test_4,22.6,0
Test_4,22.7,0
Test_4,22.8,0
Test_4,22.9,0
Test_4,23,0
Test_4,23.1,0
Test_4,23.2,0
Test_4,23.3,0
Test_4,23.4,0
Test_4,23.5,0
Test_4,23.6,0
Test_4,23.7,0
Test_4,23.8,0
Test_4,23.9,0
Test_4,24,0
Test_4,24.1,0
Test_4,24.2,0
Test_4,24.3,0
Test_4,24.4,0
Test_4,24.5,0
Test_4,24.6,0
Test_4,24.7,0
Test_4,24.8,0
Test_4,24.9,0
Test_4,25,0
Test_4,25.1,0
Test_4,25.2,0
Test_4,25.3,0
Test_4,25.4,0
Test_4,25.5,0
Test_4,25.6,0
Test_4,25.7,0
Test_4,25.8,0
Test_4,25.9,0
Test_4,26,0
Test_4,26.1,0
Test_4,26.2,0
Test_4,26.3,0
Test_4,26.4,0
Test_4,26.5,0
Test_4,26.6,0
Test_4,26.7,0
Test_4,26.8,0
Test_4,26.9,0
Test_4,27,0
Test_4,27.1,0
Test_4,27.2,0
Test_4,27.3,0
Test_4,27.4,0
Test_4,27.5,0
Test_4,27.6,0
Test_4,27.7,0
Test_4,27.8,0
Test_4,27.9,0
Test_4,28,0
Test_4,28.1,0
Test_4,28.2,0
Test_4,28.3,0
Test_4,28.4,0
Test_4,28.5,0
Test_4,28.6,0
Test_4,28.7,0
Test_4,28.8,0
Test_4,28.9,0
Test_4,29,0
Test_4,29.1,0
Test_4,29.2,0
Test_4,29.3,0
Test_4,29.4,0
Test_4,29.5,0
Test_4,29.6,0
Test_4,29.7,0
Test_4,29.8,0
Test_4,29.9,0
Test_4,30,0
Test_4,30.1,0
Test_4,30.2,0
Test_4,30.3,0
Test_4,30.4,0
Test_4,30.5,0
Test_4,30.6,0
Test_4,30.7,0
Test_4,30.8,0
Test_4,30.9,0
Test_4,31,0
Test_4,31.1,0
Test_4,31.2,0
Test_4,31.3,0
Test_4,31.4,0
Test_4,31.5,0
Test_4,31.6,0
Test_4,31.7,0
Test_4,31.8,0
Test_4,31.9,0
Test_4,32,0
Test_4,32.1,0
Test_4,32.2,0
Test_4,32.3,0
Test_4,32.4,0
Test_4,32.5,0
Test_4,32.6,0
Test_4,32.7,0
Test_4,32.8,0
Test_4,32.9,0
Test_4,33,0
Test_4,33.1,0
Test_4,33.2,0
Test_4,33.3,0
Test_4,33.4,0
Test_4,33.5,0
Test_4,33.6,0
Test_4,33.7,0
Test_4,33.8,0
Test_4,33.9,0
Test_4,34,0
Test_4,34.1,0
Test_4,34.2,0
Test_4,34.3,0
Test_4,34.4,0
Test_4,34.5,0
Test_4,34.6,0
Test_4,34.7,0
Test_4,34.8,0
Test_4,34.9,0
Test_4,35,0
Test_4,35.1,0
Test_4,35.2,0
Test_4,35.3,0
Test_4,35.4,0
Test_4,35.5,0
Test_4,35.6,0
Test_4,35.7,0
Test_4,35.8,0
Test_4,35.9,0
Test_4,36,0
Test_4,36.1,0
Test_4,36.2,0
Test_4,36.3,0
Test_4,36.4,0
Test_4,36.5,0
Test_4,36.6,0
Test_4,36.7,0
Test_4,36.8,0
Test_4,36.9,0
Test_4,37,0
Test_4,37.1,0
Test_4,37.2,0
Test_4,37.3,0
Test_4,37.4,0
Test_4,37.5,0
Test_4,37.6,0
Test_4,37.7,0
Test_4,37.8,0
Test_4,37.9,0
Test_4,38,0
Test_4,38.1,0
Test_4,38.2,0
Test_4,38.3,0
Test_4,38.4,0
Test_4,38.5,0
Test_4,38.6,0
Test_4,38.7,0
Test_4,38.8,0
Test_4,38.9,0
Test_4,39,0
Test_4,39.1,0
Test_4,39.2,0
Test_4,39.3,0
Test_4,39.4,0
Test_4,39.5,0
Test_4,39.6,0
Test_4,39.7,0
Test_4,39.8,0
Test_4,39.9,0
Test_4,40,0.1
Test_4,40.1,0.1
Test_4,40.2,0.1
Test_4,40.3,0.1
Test_4,40.4,0.1
Test_4,40.5,0.1
Test_4,40.6,0.1
Test_4,40.7,0.1
Test_4,40.8,0.1
Test_4,40.9,0.1
Test_4,41,0.1
Test_4,41.1,0.1
Test_4,41.2,0.1
Test_4,41.3,0.1
Test_4,41.4,0.1
Test_4,41.5,0.1
Test_4,41.6,0.1
Test_4,41.7,0.1
Test_4,41.8,0.1
Test_4,41.9,0.1
Test_4,42,0.1
Test_4,42.1,0.1
Test_4,42.2,0.1
Test_4,42.3,0.1
Test_4,42.4,0.1
Test_4,42.5,0.1
Test_4,42.6,0.1
Test_4,42.7,0.1
Test_4,42.8,0.1
Test_4,42.9,0.1
Test_4,43,0.1
Test_4,43.1,0.1
Test_4,43.2,0.1
Test_4,43.3,0.1
Test_4,43.4,0.1
Test_4,43.5,0.1
Test_4,43.6,0.1
Test_4,43.7,0.1
Test_4,43.8,0.1
Test_4,43.9,0.1
Test_4,44,0.1
Test_4,44.1,0.1
Test_4,44.2,0.1
Test_4,44.3,0.1
Test_4,44.4,0.1
Test_4,44.5,0.1
Test_4,44.6,0.1
Test_4,44.7,0.1
Test_4,44.8,0.1
Test_4,44.9,0.1
Test_4,45,0.1
Test_4,45.1,0.1
Test_4,45.2,0.1
Test_4,45.3,0.1
Test_4,45.4,0.1
Test_4,45.5,0.1
Test_4,45.6,0.1
Test_4,45.7,0.1
Test_4,45.8,0.1
Test_4,45.9,0.1
Test_4,46,0.1
Test_4,46.1,0.1
Test_4,46.2,0.1
Test_4,46.3,0.1
Test_4,46.4,0.1
Test_4,46.5,0.1
Test_4,46.6,0.1
Test_4,46.7,0.1
Test_4,46.8,0.1
Test_4,46.9,0.1
Test_4,47,0.1
Test_4,47.1,0.1
Test_4,47.2,0.1
Test_4,47.3,0.1
Test_4,47.4,0.1
Test_4,47.5,0.1
Test_4,47.6,0.1
Test_4,47.7,0.1
Test_4,47.8,0.1
Test_4,47.9,0.1
Test_4,48,0.1
Test_4,48.1,0.1
Test_4,48.2,0.1
Test_4,48.3,0.1
Test_4,48.4,0.1
Test_4,48.5,0.1
Test_4,48.6,0.1
Test_4,48.7,0.1
Test_4,48.8,0.1
Test_4,48.9,0.1
Test_4,49,0.1
Test_4,49.1,0.1
Test_4,49.2,0.1
Test_4,49.3,0.1
Test_4,49.4,0.1
Test_4,49.5,0.1
Test_4,49.6,0.1
Test_4,49.7,0.1
Test_4,49.8,0.1
Test_4,49.9,0.1
Test_4,50,0.1
Test_4,50.1,0.1
Test_4,50.2,0.1
Test_4,50.3,0.1
Test_4,50.4,0.1
Test_4,50.5,0.1
Test_4,50.6,0.1
Test_4,50.7,0.1
Test_4,50.8,0.1
Test_4,50.9,0.1
Test_4,51,0.1
Test_4,51.1,0.1
Test_4,51.2,0.1
Test_4,51.3,0.1
Test_4,51.4,0.1
Test_4,51.5,0.1
Test_4,51.6,0.1
Test_4,51.7,0.1
Test_4,51.8,0.1
Test_4,51.9,0.1
Test_4,52,0.1
Test_4,52.1,0.1
Test_4,52.2,0.1
Test_4,52.3,0.1
Test_4,52.4,0.1
Test_4,52.5,0.1
Test_4,52.6,0.1
Test_4,52.7,0.1
Test_4,52.8,0.1
Test_4,52.9,0.1
Test_4,53,0.1
Test_4,53.1,0.1
Test_4,53.2,0.1
Test_4,53.3,0.1
Test_4,53.4,0.1
Test_4,53.5,0.1
Test_4,53.6,0.1
Test_4,53.7,0.1
Test_4,53.8,0.1
Test_4,53.9,0.1
Test_4,54,0.1
Test_4,54.1,0.1
Test_4,54.2,0.1
Test_4,54.3,0.1
Test_4,54.4,0.1
Test_4,54.5,0.1
Test_4,54.6,0.1
Test_4,54.7,0.1
Test_4,54.8,0.1
Test_4,54.9,0.1
Test_4,55,0.1
Test_4,55.1,0.1
Test_4,55.2,0.1
Test_4,55.3,0.1
Test_4,55.4,0.1
Test_4,55.5,0.1
Test_4,55.6,0.1
Test_4,55.7,0.1
Test_4,55.8,0.1
Test_4,55.9,0.1
Test_4,56,0.1
Test_4,56.1,0.1
Test_4,56.2,0.1
Test_4,56.3,0.1
Test_4,56.4,0.1
Test_4,56.5,0.1
Test_4,56.6,0.1
Test_4,56.7,0.1
Test_4,56.8,0.1
Test_4,56.9,0.1
Test_4,57,0.1
Test_4,57.1,0.1
Test_4,57.2,0.1
Test_4,57.3,0.1
Test_4,57.4,0.1
Test_4,57.5,0.1
Test_4,57.6,0.1
Test_4,57.7,0.1
Test_4,57.8,0.1
Test_4,57.9,0.1
Test_4,58,0.1
Test_4,58.1,0.1
Test_4,58.2,0.1
Test_4,58.3,0.1
Test_4,58.4,0.1
Test_4,58.5,0.1
Test_4,58.6,0.1
Test_4,58.7,0.1
Test_4,58.8,0.1
Test_4,58.9,0.1
Test_4,59,0.1
Test_4,59.1,0.1
Test_4,59.2,0.1
Test_4,59.3,0.1
Test_4,59.4,0.1
Test_4,59.5,0.1
Test_4,59.6,0.1
Test_4,59.7,0.1
Test_4,59.8,0.1
Test_4,59.9,0.1
Test_5,0,0.3
Test_5,0.1,0.3
Test_5,0.2,0.3
Test_5,0.3,0.3
Test_5,0.4,0.3
Test_5,0.5,0.3
Test_5,0.6,0.3
Test_5,0.7,0.3
Test_5,0.8,0.3
Test_5,0.9,0.3
Test_5,1,0.3
Test_5,1.1,0.3
Test_5,1.2,0.3
Test_5,1.3,0.3
Test_5,1.4,0.3
Test_5,1.5,0.3
Test_5,1.6,0.3
Test_5,1.7,0.3
Test_5,1.8,0.3
Test_5,1.9,0.3
Test_5,2,0.3
Test_5,2.1,0.3
Test_5,2.2,0.3
Test_5,2.3,0.3
Test_5,2.4,0.3
Test_5,2.5,0.3
Test_5,2.6,0.3
Test_5,2.7,0.3
Test_5,2.8,0.3
Test_5,2.9,0.3
Test_5,3,0.3
Test_5,3.1,0.3
Test_5,3.2,0.3
Test_5,3.3,0.3
Test_5,3.4,0.3
Test_5,3.5,0.3
Test_5,3.6,0.3
Test_5,3.7,0.3
Test_5,3.8,0.3
Test_5,3.9,0.3
Test_5,4,0.3
Test_5,4.1,0.3
Test_5,4.2,0.3
Test_5,4.3,0.3
Test_5,4.4,0.3
Test_5,4.5,0.3
Test_5,4.6,0.3
Test_5,4.7,0.3
Test_5,4.8,0.3
Test_5,4.9,0.3
Test_5,5,0.3
Test_5,5.1,0.3
Test_5,5.2,0.3
Test_5,5.3,0.3
Test_5,5.4,0.3
Test_5,5.5,0.3
Test_5,5.6,0.3
Test_5,5.7,0.3
Test_5,5.8,0.3
Test_5,5.9,0.3
Test_5,6,0.3
Test_5,6.1,0.3
Test_5,6.2,0.3
Test_5,6.3,0.3
Test_5,6.4,0.3
Test_5,6.5,0.3
Test_5,6.6,0.3
Test_5,6.7,0.3
Test_5,6.8,0.3
Test_5,6.9,0.3
Test_5,7,0.3
Test_5,7.1,0.3
Test_5,7.2,0.3
Test_5,7.3,0.3
Test_5,7.4,0.3
Test_5,7.5,0.3
Test_5,7.6,0.3
Test_5,7.7,0.3
Test_5,7.8,0.3
Test_5,7.9,0.3
Test_5,8,0.3
Test_5,8.1,0.3
Test_5,8.2,0.3
Test_5,8.3,0.3
Test_5,8.4,0.3
Test_5,8.5,0.3
Test_5,8.6,0.3
Test_5,8.7,0.3
Test_5,8.8,0.3
Test_5,8.9,0.3
Test_5,9,0.3
Test_5,9.1,0.3
Test_5,9.2,0.3
Test_5,9.3,0.3
Test_5,9.4,0.3
Test_5,9.5,0.3
Test_5,9.6,0.3
Test_5,9.7,0.3
Test_5,9.8,0.3
Test_5,9.9,0.3
Test_5,10,0.3
Test_5,10.1,0.3
Test_5,10.2,0.3
Test_5,10.3,0.3
Test_5,10.4,0.3
Test_5,10.5,0.3
Test_5,10.6,0.3
Test_5,10.7,0.3
Test_5,10.8,0.3
Test_5,10.9,0.3
Test_5,11,0.3
Test_5,11.1,0.3
Test_5,11.2,0.3
Test_5,11.3,0.3
Test_5,11.4,0.3
Test_5,11.5,0.3
Test_5,11.6,0.3
Test_5,11.7,0.3
Test_5,11.8,0.3
Test_5,11.9,0.3
Test_5,12,0.3
Test_5,12.1,0.3
Test_5,12.2,0.3
Test_5,12.3,0.3
Test_5,12.4,0.3
Test_5,12.5,0.3
Test_5,12.6,0.3
Test_5,12.7,0.3
Test_5,12.8,0.3
Test_5,12.9,0.3
Test_5,13,0.3
Test_5,13.1,0.3
Test_5,13.2,0.3
Test_5,13.3,0.3
Test_5,13.4,0.3
Test_5,13.5,0.3
Test_5,13.6,0.3
Test_5,13.7,0.3
Test_5,13.8,0.3
Test_5,13.9,0.3
Test_5,14,0.3
Test_5,14.1,0.3
Test_5,14.2,0.3
Test_5,14.3,0.3
Test_5,14.4,0.3
Test_5,14.5,0.3
Test_5,14.6,0.3
Test_5,14.7,0.3
Test_5,14.8,0.3
Test_5,14.9,0.3
Test_5,15,0.3
Test_5,15.1,0.3
Test_5,15.2,0.3
Test_5,15.3,0.3
Test_5,15.4,0.3
Test_5,15.5,0.3
Test_5,15.6,0.3
Test_5,15.7,0.3
Test_5,15.8,0.3
Test_5,15.9,0.3
Test_5,16,0.3
Test_5,16.1,0.3
Test_5,16.2,0.3
Test_5,16.3,0.3
Test_5,16.4,0.3
Test_5,16.5,0.3
Test_5,16.6,0.3
Test_5,16.7,0.3
Test_5,16.8,0.3
Test_5,16.9,0.3
Test_5,17,0.3
Test_5,17.1,0.3
Test_5,17.2,0.3
Test_5,17.3,0.3
Test_5,17.4,0.3
Test_5,17.5,0.3
Test_5,17.6,0.3
Test_5,17.7,0.3
Test_5,17.8,0.3
Test_5,17.9,0.3
Test_5,18,0.3
Test_5,18.1,0.3
Test_5,18.2,0.3
Test_5,18.3,0.3
Test_5,18.4,0.3
Test_5,18.5,0.3
Test_5,18.6,0.3
Test_5,18.7,0.3
Test_5,18.8,0.3
Test_5,18.9,0.3
Test_5,19,0.3
Test_5,19.1,0.3
Test_5,19.2,0.3
Test_5,19.3,0.3
Test_5,19.4,0.3
Test_5,19.5,0.3
Test_5,19.6,0.3
Test_5,19.7,0.3
Test_5,19.8,0.3
Test_5,19.9,0.3
Test_5,20,0
Test_5,20.1,0
Test_5,20.2,0
Test_5,20.3,0
Test_5,20.4,0
Test_5,20.5,0
Test_5,20.6,0
Test_5,20.7,0
Test_5,20.8,0
Test_5,20.9,0
Test_5,21,0
Test_5,21.1,0
Test_5,21.2,0
Test_5,21.3,0
Test_5,21.4,0
Test_5,21.5,0
Test_5,21.6,0
Test_5,21.7,0
Test_5,21.8,0
Test_5,21.9,0
Test_5,22,0
Test_5,22.1,0
Test_5,22.2,0
Test_5,22.3,0
Test_5,22.4,0
Test_5,22.5,0
Test_5,22.6,0
Test_5,22.7,0
Test_5,22.8,0
Test_5,22.9,0
Test_5,23,0
Test_5,23.1,0
Test_5,23.2,0
Test_5,23.3,0
Test_5,23.4,0
Test_5,23.5,0
Test_5,23.6,0
Test_5,23.7,0
Test_5,23.8,0
Test_5,23.9,0
Test_5,24,0
Test_5,24.1,0
Test_5,24.2,0
Test_5,24.3,0
Test_5,24.4,0
Test_5,24.5,0
Test_5,24.6,0
Test_5,24.7,0
Test_5,24.8,0
Test_5,24.9,0
Test_5,25,0
Test_5,25.1,0
Test_5,25.2,0
Test_5,25.3,0
Test_5,25.4,0
Test_5,25.5,0
Test_5,25.6,0
Test_5,25.7,0
Test_5,25.8,0
Test_5,25.9,0
Test_5,26,0
Test_5,26.1,0
Test_5,26.2,0
Test_5,26.3,0
Test_5,26.4,0
Test_5,26.5,0
Test_5,26.6,0
Test_5,26.7,0
Test_5,26.8,0
Test_5,26.9,0
Test_5,27,0
Test_5,27.1,0
Test_5,27.2,0
Test_5,27.3,0
Test_5,27.4,0
Test_5,27.5,0
Test_5,27.6,0
Test_5,27.7,0
Test_5,27.8,0
Test_5,27.9,0
Test_5,28,0
Test_5,28.1,0
Test_5,28.2,0
Test_5,28.3,0
Test_5,28.4,0
Test_5,28.5,0
Test_5,28.6,0
Test_5,28.7,0
Test_5,28.8,0
Test_5,28.9,0
Test_5,29,0
Test_5,29.1,0
Test_5,29.2,0
Test_5,29.3,0
Test_5,29.4,0
Test_5,29.5,0
Test_5,29.6,0
Test_5,29.7,0
Test_5,29.8,0
Test_5,29.9,0
Test_5,30,0
Test_5,30.1,0
Test_5,30.2,0
Test_5,30.3,0
Test_5,30.4,0
Test_5,30.5,0
Test_5,30.6,0
Test_5,30.7,0
Test_5,30.8,0
Test_5,30.9,0
Test_5,31,0
Test_5,31.1,0
Test_5,31.2,0
Test_5,31.3,0
Test_5,31.4,0
Test_5,31.5,0
Test_5,31.6,0
Test_5,31.7,0
Test_5,31.8,0
Test_5,31.9,0
Test_5,32,0
Test_5,32.1,0
Test_5,32.2,0
Test_5,32.3,0
Test_5,32.4,0
Test_5,32.5,0
Test_5,32.6,0
Test_5,32.7,0
Test_5,32.8,0
Test_5,32.9,0
Test_5,33,0
Test_5,33.1,0
Test_5,33.2,0
Test_5,33.3,0
Test_5,33.4,0
Test_5,33.5,0
Test_5,33.6,0
Test_5,33.7,0
Test_5,33.8,0
Test_5,33.9,0
Test_5,34,0
Test_5,34.1,0
Test_5,34.2,0
Test_5,34.3,0
Test_5,34.4,0
Test_5,34.5,0
Test_5,34.6,0
Test_5,34.7,0
Test_5,34.8,0
Test_5,34.9,0
Test_5,35,0
Test_5,35.1,0
Test_5,35.2,0
Test_5,35.3,0
Test_5,35.4,0
Test_5,35.5,0
Test_5,35.6,0
Test_5,35.7,0
Test_5,35.8,0
Test_5,35.9,0
Test_5,36,0
Test_5,36.1,0
Test_5,36.2,0
Test_5,36.3,0
Test_5,36.4,0
Test_5,36.5,0
Test_5,36.6,0
Test_5,36.7,0
Test_5,36.8,0
Test_5,36.9,0
Test_5,37,0
Test_5,37.1,0
Test_5,37.2,0
Test_5,37.3,0
Test_5,37.4,0
Test_5,37.5,0
Test_5,37.6,0
Test_5,37.7,0
Test_5,37.8,0
Test_5,37.9,0
Test_5,38,0
Test_5,38.1,0
Test_5,38.2,0
Test_5,38.3,0
Test_5,38.4,0
Test_5,38.5,0
Test_5,38.6,0
Test_5,38.7,0
Test_5,38.8,0
Test_5,38.9,0
Test_5,39,0
Test_5,39.1,0
Test_5,39.2,0
Test_5,39.3,0
Test_5,39.4,0
Test_5,39.5,0
Test_5,39.6,0
Test_5,39.7,0
Test_5,39.8,0
Test_5,39.9,0
Test_5,40,-0.2
Test_5,40.1,-0.2
Test_5,40.2,-0.2
Test_5,40.3,-0.2
Test_5,40.4,-0.2
Test_5,40.5,-0.2
Test_5,40.6,-0.2
Test_5,40.7,-0.2
Test_5,40.8,-0.2
Test_5,40.9,-0.2
Test_5,41,-0.2
Test_5,41.1,-0.2
Test_5,41.2,-0.2
Test_5,41.3,-0.2
Test_5,41.4,-0.2
Test_5,41.5,-0.2
Test_5,41.6,-0.2
Test_5,41.7,-0.2
Test_5,41.8,-0.2
Test_5,41.9,-0.2
Test_5,42,-0.2
Test_5,42.1,-0.2
Test_5,42.2,-0.2
Test_5,42.3,-0.2
Test_5,42.4,-0.2
Test_5,42.5,-0.2
Test_5,42.6,-0.2
Test_5,42.7,-0.2
Test_5,42.8,-0.2
Test_5,42.9,-0.2
Test_5,43,-0.2
Test_5,43.1,-0.2
Test_5,43.2,-0.2
Test_5,43.3,-0.2
Test_5,43.4,-0.2
Test_5,43.5,-0.2
Test_5,43.6,-0.2
Test_5,43.7,-0.2
Test_5,43.8,-0.2
Test_5,43.9,-0.2
Test_5,44,-0.2
Test_5,44.1,-0.2
Test_5,44.2,-0.2
Test_5,44.3,-0.2
Test_5,44.4,-0.2
Test_5,44.5,-0.2
Test_5,44.6,-0.2
Test_5,44.7,-0.2
Test_5,44.8,-0.2
Test_5,44.9,-0.2
Test_5,45,-0.2
Test_5,45.1,-0.2
Test_5,45.2,-0.2
Test_5,45.3,-0.2
Test_5,45.4,-0.2
Test_5,45.5,-0.2
Test_5,45.6,-0.2
Test_5,45.7,-0.2
Test_5,45.8,-0.2
Test_5,45.9,-0.2
Test_5,46,-0.2
Test_5,46.1,-0.2
Test_5,46.2,-0.2
Test_5,46.3,-0.2
Test_5,46.4,-0.2
Test_5,46.5,-0.2
Test_5,46.6,-0.2
Test_5,46.7,-0.2
Test_5,46.8,-0.2
Test_5,46.9,-0.2
Test_5,47,-0.2
Test_5,47.1,-0.2
Test_5,47.2,-0.2
Test_5,47.3,-0.2
Test_5,47.4,-0.2
Test_5,47.5,-0.2
Test_5,47.6,-0.2
Test_5,47.7,-0.2
Test_5,47.8,-0.2
Test_5,47.9,-0.2
Test_5,48,-0.2
Test_5,48.1,-0.2
Test_5,48.2,-0.2
Test_5,48.3,-0.2
Test_5,48.4,-0.2
Test_5,48.5,-0.2
Test_5,48.6,-0.2
Test_5,48.7,-0.2
Test_5,48.8,-0.2
Test_5,48.9,-0.2
Test_5,49,-0.2
Test_5,49.1,-0.2
Test_5,49.2,-0.2
Test_5,49.3,-0.2
Test_5,49.4,-0.2
Test_5,49.5,-0.2
Test_5,49.6,-0.2
Test_5,49.7,-0.2
Test_5,49.8,-0.2
Test_5,49.9,-0.2
Test_5,50,-0.2
Test_5,50.1,-0.2
Test_5,50.2,-0.2
Test_5,50.3,-0.2
Test_5,50.4,-0.2
Test_5,50.5,-0.2
Test_5,50.6,-0.2
Test_5,50.7,-0.2
Test_5,50.8,-0.2
Test_5,50.9,-0.2
Test_5,51,-0.2
Test_5,51.1,-0.2
Test_5,51.2,-0.2
Test_5,51.3,-0.2
Test_5,51.4,-0.2
Test_5,51.5,-0.2
Test_5,51.6,-0.2
Test_5,51.7,-0.2
Test_5,51.8,-0.2
Test_5,51.9,-0.2
Test_5,52,-0.2
Test_5,52.1,-0.2
Test_5,52.2,-0.2
Test_5,52.3,-0.2
Test_5,52.4,-0.2
Test_5,52.5,-0.2
Test_5,52.6,-0.2
Test_5,52.7,-0.2
Test_5,52.8,-0.2
Test_5,52.9,-0.2
Test_5,53,-0.2
Test_5,53.1,-0.2
Test_5,53.2,-0.2
Test_5,53.3,-0.2
Test_5,53.4,-0.2
Test_5,53.5,-0.2
Test_5,53.6,-0.2
Test_5,53.7,-0.2
Test_5,53.8,-0.2
Test_5,53.9,-0.2
Test_5,54,-0.2
Test_5,54.1,-0.2
Test_5,54.2,-0.2
Test_5,54.3,-0.2
Test_5,54.4,-0.2
Test_5,54.5,-0.2
Test_5,54.6,-0.2
Test_5,54.7,-0.2
Test_5,54.8,-0.2
Test_5,54.9,-0.2
Test_5,55,-0.2
Test_5,55.1,-0.2
Test_5,55.2,-0.2
Test_5,55.3,-0.2
Test_5,55.4,-0.2
Test_5,55.5,-0.2
Test_5,55.6,-0.2
Test_5,55.7,-0.2
Test_5,55.8,-0.2
Test_5,55.9,-0.2
Test_5,56,-0.2
Test_5,56.1,-0.2
Test_5,56.2,-0.2
Test_5,56.3,-0.2
Test_5,56.4,-0.2
Test_5,56.5,-0.2
Test_5,56.6,-0.2
Test_5,56.7,-0.2
Test_5,56.8,-0.2
Test_5,56.9,-0.2
Test_5,57,-0.2
Test_5,57.1,-0.2
Test_5,57.2,-0.2
Test_5,57.3,-0.2
Test_5,57.4,-0.2
Test_5,57.5,-0.2
Test_5,57.6,-0.2
Test_5,57.7,-0.2
Test_5,57.8,-0.2
Test_5,57.9,-0.2
Test_5,58,-0.2
Test_5,58.1,-0.2
Test_5,58.2,-0.2
Test_5,58.3,-0.2
Test_5,58.4,-0.2
Test_5,58.5,-0.2
Test_5,58.6,-0.2
Test_5,58.7,-0.2
Test_5,58.8,-0.2
Test_5,58.9,-0.2
Test_5,59,-0.2
Test_5,59.1,-0.2
Test_5,59.2,-0.2
Test_5,59.3,-0.2
Test_5,59.4,-0.2
Test_5,59.5,-0.2
Test_5,59.6,-0.2
Test_5,59.7,-0.2
Test_5,59.8,-0.2
Test_5,59.9,-0.2