batch,time,nutlin
batch 1,0.0,0.1
batch 1,0.2,0.1
batch 1,0.4,0.1
batch 1,0.6,0.1
batch 1,0.8,0.1
batch 1,1.0,0.1
batch 1,1.2,0.1
batch 1,1.4,0.1
batch 1,1.6,0.1
batch 1,1.8,0.1
batch 1,2.0,0.1
batch 1,2.2,0.1
batch 1,2.4,0.1
batch 1,2.6,0.1
batch 1,2.8,0.1
batch 1,3.0,0.1
batch 1,3.2,0.1
batch 1,3.4,0.1
batch 1,3.6,0.1
batch 1,3.8,0.1
batch 1,4.0,0.1
batch 1,4.2,0.1
batch 1,4.4,0.1
batch 1,4.6,0.1
batch 1,4.8,0.1
batch 1,5.0,0.1
batch 1,5.2,0.1
batch 1,5.4,0.1
batch 1,5.6,0.1
batch 1,5.8,0.1
batch 1,6.0,0.1
batch 1,6.2,0.1
batch 1,6.4,0.1
batch 1,6.6,0.1
batch 1,6.8,0.1
batch 1,7.0,0.1
batch 1,7.2,0.1
batch 1,7.4,0.1
batch 1,7.6,0.1
batch 1,7.8,0.1
batch 1,8.0,0.1
batch 1,8.2,0.1
batch 1,8.4,0.1
batch 1,8.6,0.1
batch 1,8.8,0.1
batch 1,9.0,0.1
batch 1,9.2,0.1
batch 1,9.4,0.1
batch 1,9.6,0.1
batch 1,9.8,0.1
batch 1,10.0,0.1
batch 1,10.2,0.1
batch 1,10.4,0.1
batch 1,10.6,0.1
batch 1,10.8,0.1
batch 1,11.0,0.1
batch 1,11.2,0.1
batch 1,11.4,0.1
batch 1,11.6,0.1
batch 1,11.8,0.1
batch 1,12.0,0.1
batch 1,12.2,0.1
batch 1,12.4,0.1
batch 1,12.6,0.1
batch 1,12.8,0.1
batch 1,13.0,0.1
batch 1,13.2,0.1
batch 1,13.4,0.1
batch 1,13.6,0.1
batch 1,13.8,0.1
batch 1,14.0,0.1
batch 1,14.2,0.1
batch 1,14.4,0.1
batch 1,14.6,0.1
batch 1,14.8,0.1
batch 1,15.0,0.1
batch 1,15.2,0.1
batch 1,15.4,0.1
batch 1,15.6,0.1
batch 1,15.8,0.1
batch 1,16.0,0.1
batch 1,16.2,0.1
batch 1,16.4,0.1
batch 1,16.6,0.1
batch 1,16.8,0.1
batch 1,17.0,0.1
batch 1,17.2,0.1
batch 1,17.4,0.1
batch 1,17.6,0.1
batch 1,17.8,0.1
batch 1,18.0,0.1
batch 1,18.2,0.1
batch 1,18.4,0.1
batch 1,18.6,0.1
batch 1,18.8,0.1
batch 1,19.0,0.1
batch 1,19.2,0.1
batch 1,19.4,0.1
batch 1,19.6,0.1
batch 1,19.8,0.1
batch 1,20.0,0.1
batch 1,20.2,0.1
batch 1,20.4,0.1
batch 1,20.6,0.1
batch 1,20.8,0.1
batch 1,21.0,0.1
batch 1,21.2,0.1
batch 1,21.4,0.1
batch 1,21.6,0.1
batch 1,21.8,0.1
batch 1,22.0,0.1
batch 1,22.2,0.1
batch 1,22.4,0.1
batch 1,22.6,0.1
batch 1,22.8,0.1
batch 1,23.0,0.1
batch 1,23.2,0.1
batch 1,23.4,0.1
batch 1,23.6,0.1
batch 1,23.8,0.1
batch 1,24.0,0.1
batch 1,24.2,0.1
batch 1,24.4,0.1
batch 1,24.6,0.1
batch 2,0.0,0.1
batch 2,0.2,0.1
batch 2,0.4,0.1
batch 2,0.6,0.1
batch 2,0.8,0.1
batch 2,1.0,0.1
batch 2,1.2,0.1
batch 2,1.4,0.1
batch 2,1.6,0.1
batch 2,1.8,0.1
batch 2,2.0,0.1
batch 2,2.2,0.1
batch 2,2.4,0.1
batch 2,2.6,0.1
batch 2,2.8,0.1
batch 2,3.0,0.1
batch 2,3.2,0.1
batch 2,3.4,0.1
batch 2,3.6,0.1
batch 2,3.8,0.1
batch 2,4.0,0.1
batch 2,4.2,0.1
batch 2,4.4,0.1
batch 2,4.6,0.1
batch 2,4.8,0.1
batch 2,5.0,0.1
batch 2,5.2,0.1
batch 2,5.4,0.1
batch 2,5.6,0.1
batch 2,5.8,0.1
batch 2,6.0,0.1
batch 2,6.2,0.1
batch 2,6.4,0.1
batch 2,6.6,0.1
batch 2,6.8,0.1
batch 2,7.0,0.1
batch 2,7.2,0.1
batch 2,7.4,0.1
batch 2,7.6,0.1
batch 2,7.8,0.1
batch 2,8.0,0.1
batch 2,8.2,0.1
batch 2,8.4,0.1
batch 2,8.6,0.1
batch 2,8.8,0.1
batch 2,9.0,0.1
batch 2,9.2,0.1
batch 2,9.4,0.1
batch 2,9.6,0.1
batch 2,9.8,0.1
batch 2,10.0,0.1
batch 2,10.2,0.1
batch 2,10.4,0.1
batch 2,10.6,0.1
batch 2,10.8,0.1
batch 2,11.0,0.1
batch 2,11.2,0.1
batch 2,11.4,0.1
batch 2,11.6,0.1
batch 2,11.8,0.1
batch 2,12.0,0.1
batch 2,12.2,0.1
batch 2,12.4,0.1
batch 2,12.6,0.1
batch 2,12.8,0.1
batch 2,13.0,0.1
batch 2,13.2,0.1
batch 2,13.4,0.1
batch 2,13.6,0.1
batch 2,13.8,0.1
batch 2,14.0,0.1
batch 2,14.2,0.1
batch 2,14.4,0.1
batch 2,14.6,0.1
batch 2,14.8,0.1
batch 2,15.0,0.1
batch 2,15.2,0.1
batch 2,15.4,0.1
batch 2,15.6,0.1
batch 2,15.8,0.1
batch 2,16.0,0.1
batch 2,16.2,0.1
batch 2,16.4,0.1
batch 2,16.6,0.1
batch 2,16.8,0.1
batch 2,17.0,0.1
batch 2,17.2,0.1
batch 2,17.4,0.1
batch 2,17.6,0.1
batch 2,17.8,0.1
batch 2,18.0,0.1
batch 2,18.2,0.1
batch 2,18.4,0.1
batch 2,18.6,0.1
batch 2,18.8,0.1
batch 2,19.0,0.1
batch 2,19.2,0.1
batch 2,19.4,0.1
batch 2,19.6,0.1
batch 2,19.8,0.1
batch 2,20.0,0.1
batch 2,20.2,0.1
batch 2,20.4,0.1
batch 2,20.6,0.1
batch 2,20.8,0.1
batch 2,21.0,0.1
batch 2,21.2,0.1
batch 2,21.4,0.1
batch 2,21.6,0.1
batch 2,21.8,0.1
batch 2,22.0,0.1
batch 2,22.2,0.1
batch 2,22.4,0.1
batch 2,22.6,0.1
batch 2,22.8,0.1
batch 2,23.0,0.1
batch 2,23.2,0.1
batch 2,23.4,0.1
batch 2,23.6,0.1
batch 2,23.8,0.1
batch 2,24.0,0.1
batch 2,24.2,0.1
batch 2,24.4,0.1
batch 2,24.6,0.1
batch 3,0.0,0.1
batch 3,0.2,0.1
batch 3,0.4,0.1
batch 3,0.6,0.1
batch 3,0.8,0.1
batch 3,1.0,0.1
batch 3,1.2,0.1
batch 3,1.4,0.1
batch 3,1.6,0.1
batch 3,1.8,0.1
batch 3,2.0,0.1
batch 3,2.2,0.1
batch 3,2.4,0.1
batch 3,2.6,0.1
batch 3,2.8,0.1
batch 3,3.0,0.1
batch 3,3.2,0.1
batch 3,3.4,0.1
batch 3,3.6,0.1
batch 3,3.8,0.1
batch 3,4.0,0.1
batch 3,4.2,0.1
batch 3,4.4,0.1
batch 3,4.6,0.1
batch 3,4.8,0.1
batch 3,5.0,0.1
batch 3,5.2,0.1
batch 3,5.4,0.1
batch 3,5.6,0.1
batch 3,5.8,0.1
batch 3,6.0,0.1
batch 3,6.2,0.1
batch 3,6.4,0.1
batch 3,6.6,0.1
batch 3,6.8,0.1
batch 3,7.0,0.1
batch 3,7.2,0.1
batch 3,7.4,0.1
batch 3,7.6,0.1
batch 3,7.8,0.1
batch 3,8.0,0.1
batch 3,8.2,0.1
batch 3,8.4,0.1
batch 3,8.6,0.1
batch 3,8.8,0.1
batch 3,9.0,0.1
batch 3,9.2,0.1
batch 3,9.4,0.1
batch 3,9.6,0.1
batch 3,9.8,0.1
batch 3,10.0,0.1
batch 3,10.2,0.1
batch 3,10.4,0.1
batch 3,10.6,0.1
batch 3,10.8,0.1
batch 3,11.0,0.1
batch 3,11.2,0.1
batch 3,11.4,0.1
batch 3,11.6,0.1
batch 3,11.8,0.1
batch 3,12.0,0.1
batch 3,12.2,0.1
batch 3,12.4,0.1
batch 3,12.6,0.1
batch 3,12.8,0.1
batch 3,13.0,0.1
batch 3,13.2,0.1
batch 3,13.4,0.1
batch 3,13.6,0.1
batch 3,13.8,0.1
batch 3,14.0,0.1
batch 3,14.2,0.1
batch 3,14.4,0.1
batch 3,14.6,0.1
batch 3,14.8,0.1
batch 3,15.0,0.1
batch 3,15.2,0.1
batch 3,15.4,0.1
batch 3,15.6,0.1
batch 3,15.8,0.1
batch 3,16.0,0.1
batch 3,16.2,0.1
batch 3,16.4,0.1
batch 3,16.6,0.1
batch 3,16.8,0.1
batch 3,17.0,0.1
batch 3,17.2,0.1
batch 3,17.4,0.1
batch 3,17.6,0.1
batch 3,17.8,0.1
batch 3,18.0,0.1
batch 3,18.2,0.1
batch 3,18.4,0.1
batch 3,18.6,0.1
batch 3,18.8,0.1
batch 3,19.0,0.1
batch 3,19.2,0.1
batch 3,19.4,0.1
batch 3,19.6,0.1
batch 3,19.8,0.1
batch 3,20.0,0.1
batch 3,20.2,0.1
batch 3,20.4,0.1
batch 3,20.6,0.1
batch 3,20.8,0.1
batch 3,21.0,0.1
batch 3,21.2,0.1
batch 3,21.4,0.1
batch 3,21.6,0.1
batch 3,21.8,0.1
batch 3,22.0,0.1
batch 3,22.2,0.1
batch 3,22.4,0.1
batch 3,22.6,0.1
batch 3,22.8,0.1
batch 3,23.0,0.1
batch 3,23.2,0.1
batch 3,23.4,0.1
batch 3,23.6,0.1
batch 3,23.8,0.1
batch 3,24.0,0.1
batch 3,24.2,0.1
batch 3,24.4,0.1
batch 3,24.6,0.1
batch 4,0.0,0.1
batch 4,0.2,0.1
batch 4,0.4,0.1
batch 4,0.6,0.1
batch 4,0.8,0.1
batch 4,1.0,0.1
batch 4,1.2,0.1
batch 4,1.4,0.1
batch 4,1.6,0.1
batch 4,1.8,0.1
batch 4,2.0,0.1
batch 4,2.2,0.1
batch 4,2.4,0.1
batch 4,2.6,0.1
batch 4,2.8,0.1
batch 4,3.0,0.1
batch 4,3.2,0.1
batch 4,3.4,0.1
batch 4,3.6,0.1
batch 4,3.8,0.1
batch 4,4.0,0.1
batch 4,4.2,0.1
batch 4,4.4,0.1
batch 4,4.6,0.1
batch 4,4.8,0.1
batch 4,5.0,0.1
batch 4,5.2,0.1
batch 4,5.4,0.1
batch 4,5.6,0.1
batch 4,5.8,0.1
batch 4,6.0,0.1
batch 4,6.2,0.1
batch 4,6.4,0.1
batch 4,6.6,0.1
batch 4,6.8,0.1
batch 4,7.0,0.1
batch 4,7.2,0.1
batch 4,7.4,0.1
batch 4,7.6,0.1
batch 4,7.8,0.1
batch 4,8.0,0.1
batch 4,8.2,0.1
batch 4,8.4,0.1
batch 4,8.6,0.1
batch 4,8.8,0.1
batch 4,9.0,0.1
batch 4,9.2,0.1
batch 4,9.4,0.1
batch 4,9.6,0.1
batch 4,9.8,0.1
batch 4,10.0,0.1
batch 4,10.2,0.1
batch 4,10.4,0.1
batch 4,10.6,0.1
batch 4,10.8,0.1
batch 4,11.0,0.1
batch 4,11.2,0.1
batch 4,11.4,0.1
batch 4,11.6,0.1
batch 4,11.8,0.1
batch 4,12.0,0.1
batch 4,12.2,0.1
batch 4,12.4,0.1
batch 4,12.6,0.1
batch 4,12.8,0.1
batch 4,13.0,0.1
batch 4,13.2,0.1
batch 4,13.4,0.1
batch 4,13.6,0.1
batch 4,13.8,0.1
batch 4,14.0,0.1
batch 4,14.2,0.1
batch 4,14.4,0.1
batch 4,14.6,0.1
batch 4,14.8,0.1
batch 4,15.0,0.1
batch 4,15.2,0.1
batch 4,15.4,0.1
batch 4,15.6,0.1
batch 4,15.8,0.1
batch 4,16.0,0.1
batch 4,16.2,0.1
batch 4,16.4,0.1
batch 4,16.6,0.1
batch 4,16.8,0.1
batch 4,17.0,0.1
batch 4,17.2,0.1
batch 4,17.4,0.1
batch 4,17.6,0.1
batch 4,17.8,0.1
batch 4,18.0,0.1
batch 4,18.2,0.1
batch 4,18.4,0.1
batch 4,18.6,0.1
batch 4,18.8,0.1
batch 4,19.0,0.1
batch 4,19.2,0.1
batch 4,19.4,0.1
batch 4,19.6,0.1
batch 4,19.8,0.1
batch 4,20.0,0.1
batch 4,20.2,0.1
batch 4,20.4,0.1
batch 4,20.6,0.1
batch 4,20.8,0.1
batch 4,21.0,0.1
batch 4,21.2,0.1
batch 4,21.4,0.1
batch 4,21.6,0.1
batch 4,21.8,0.1
batch 4,22.0,0.1
batch 4,22.2,0.1
batch 4,22.4,0.1
batch 4,22.6,0.1
batch 4,22.8,0.1
batch 4,23.0,0.1
batch 4,23.2,0.1
batch 4,23.4,0.1
batch 4,23.6,0.1
batch 4,23.8,0.1
batch 4,24.0,0.1
batch 4,24.2,0.1
batch 4,24.4,0.1
batch 4,24.6,0.1
batch 5,0.0,0.1
batch 5,0.2,0.1
batch 5,0.4,0.1
batch 5,0.6,0.1
batch 5,0.8,0.1
batch 5,1.0,0.1
batch 5,1.2,0.1
batch 5,1.4,0.1
batch 5,1.6,0.1
batch 5,1.8,0.1
batch 5,2.0,0.1
batch 5,2.2,0.1
batch 5,2.4,0.1
batch 5,2.6,0.1
batch 5,2.8,0.1
batch 5,3.0,0.1
batch 5,3.2,0.1
batch 5,3.4,0.1
batch 5,3.6,0.1
batch 5,3.8,0.1
batch 5,4.0,0.1
batch 5,4.2,0.1
batch 5,4.4,0.1
batch 5,4.6,0.1
batch 5,4.8,0.1
batch 5,5.0,0.1
batch 5,5.2,0.1
batch 5,5.4,0.1
batch 5,5.6,0.1
batch 5,5.8,0.1
batch 5,6.0,0.1
batch 5,6.2,0.1
batch 5,6.4,0.1
batch 5,6.6,0.1
batch 5,6.8,0.1
batch 5,7.0,0.1
batch 5,7.2,0.1
batch 5,7.4,0.1
batch 5,7.6,0.1
batch 5,7.8,0.1
batch 5,8.0,0.1
batch 5,8.2,0.1
batch 5,8.4,0.1
batch 5,8.6,0.1
batch 5,8.8,0.1
batch 5,9.0,0.1
batch 5,9.2,0.1
batch 5,9.4,0.1
batch 5,9.6,0.1
batch 5,9.8,0.1
batch 5,10.0,0.1
batch 5,10.2,0.1
batch 5,10.4,0.1
batch 5,10.6,0.1
batch 5,10.8,0.1
batch 5,11.0,0.1
batch 5,11.2,0.1
batch 5,11.4,0.1
batch 5,11.6,0.1
batch 5,11.8,0.1
batch 5,12.0,0.1
batch 5,12.2,0.1
batch 5,12.4,0.1
batch 5,12.6,0.1
batch 5,12.8,0.1
batch 5,13.0,0.1
batch 5,13.2,0.1
batch 5,13.4,0.1
batch 5,13.6,0.1
batch 5,13.8,0.1
batch 5,14.0,0.1
batch 5,14.2,0.1
batch 5,14.4,0.1
batch 5,14.6,0.1
batch 5,14.8,0.1
batch 5,15.0,0.1
batch 5,15.2,0.1
batch 5,15.4,0.1
batch 5,15.6,0.1
batch 5,15.8,0.1
batch 5,16.0,0.1
batch 5,16.2,0.1
batch 5,16.4,0.1
batch 5,16.6,0.1
batch 5,16.8,0.1
batch 5,17.0,0.1
batch 5,17.2,0.1
batch 5,17.4,0.1
batch 5,17.6,0.1
batch 5,17.8,0.1
batch 5,18.0,0.1
batch 5,18.2,0.1
batch 5,18.4,0.1
batch 5,18.6,0.1
batch 5,18.8,0.1
batch 5,19.0,0.1
batch 5,19.2,0.1
batch 5,19.4,0.1
batch 5,19.6,0.1
batch 5,19.8,0.1
batch 5,20.0,0.1
batch 5,20.2,0.1
batch 5,20.4,0.1
batch 5,20.6,0.1
batch 5,20.8,0.1
batch 5,21.0,0.1
batch 5,21.2,0.1
batch 5,21.4,0.1
batch 5,21.6,0.1
batch 5,21.8,0.1
batch 5,22.0,0.1
batch 5,22.2,0.1
batch 5,22.4,0.1
batch 5,22.6,0.1
batch 5,22.8,0.1
batch 5,23.0,0.1
batch 5,23.2,0.1
batch 5,23.4,0.1
batch 5,23.6,0.1
batch 5,23.8,0.1
batch 5,24.0,0.1
batch 5,24.2,0.1
batch 5,24.4,0.1
batch 5,24.6,0.1
batch 6,0.0,0.25
batch 6,0.2,0.25
batch 6,0.4,0.25
batch 6,0.6,0.25
batch 6,0.8,0.25
batch 6,1.0,0.25
batch 6,1.2,0.25
batch 6,1.4,0.25
batch 6,1.6,0.25
batch 6,1.8,0.25
batch 6,2.0,0.25
batch 6,2.2,0.25
batch 6,2.4,0.25
batch 6,2.6,0.25
batch 6,2.8,0.25
batch 6,3.0,0.25
batch 6,3.2,0.25
batch 6,3.4,0.25
batch 6,3.6,0.25
batch 6,3.8,0.25
batch 6,4.0,0.25
batch 6,4.2,0.25
batch 6,4.4,0.25
batch 6,4.6,0.25
batch 6,4.8,0.25
batch 6,5.0,0.25
batch 6,5.2,0.25
batch 6,5.4,0.25
batch 6,5.6,0.25
batch 6,5.8,0.25
batch 6,6.0,0.25
batch 6,6.2,0.25
batch 6,6.4,0.25
batch 6,6.6,0.25
batch 6,6.8,0.25
batch 6,7.0,0.25
batch 6,7.2,0.25
batch 6,7.4,0.25
batch 6,7.6,0.25
batch 6,7.8,0.25
batch 6,8.0,0.25
batch 6,8.2,0.25
batch 6,8.4,0.25
batch 6,8.6,0.25
batch 6,8.8,0.25
batch 6,9.0,0.25
batch 6,9.2,0.25
batch 6,9.4,0.25
batch 6,9.6,0.25
batch 6,9.8,0.25
batch 6,10.0,0.25
batch 6,10.2,0.25
batch 6,10.4,0.25
batch 6,10.6,0.25
batch 6,10.8,0.25
batch 6,11.0,0.25
batch 6,11.2,0.25
batch 6,11.4,0.25
batch 6,11.6,0.25
batch 6,11.8,0.25
batch 6,12.0,0.25
batch 6,12.2,0.25
batch 6,12.4,0.25
batch 6,12.6,0.25
batch 6,12.8,0.25
batch 6,13.0,0.25
batch 6,13.2,0.25
batch 6,13.4,0.25
batch 6,13.6,0.25
batch 6,13.8,0.25
batch 6,14.0,0.25
batch 6,14.2,0.25
batch 6,14.4,0.25
batch 6,14.6,0.25
batch 6,14.8,0.25
batch 6,15.0,0.25
batch 6,15.2,0.25
batch 6,15.4,0.25
batch 6,15.6,0.25
batch 6,15.8,0.25
batch 6,16.0,0.25
batch 6,16.2,0.25
batch 6,16.4,0.25
batch 6,16.6,0.25
batch 6,16.8,0.25
batch 6,17.0,0.25
batch 6,17.2,0.25
batch 6,17.4,0.25
batch 6,17.6,0.25
batch 6,17.8,0.25
batch 6,18.0,0.25
batch 6,18.2,0.25
batch 6,18.4,0.25
batch 6,18.6,0.25
batch 6,18.8,0.25
batch 6,19.0,0.25
batch 6,19.2,0.25
batch 6,19.4,0.25
batch 6,19.6,0.25
batch 6,19.8,0.25
batch 6,20.0,0.25
batch 6,20.2,0.25
batch 6,20.4,0.25
batch 6,20.6,0.25
batch 6,20.8,0.25
batch 6,21.0,0.25
batch 6,21.2,0.25
batch 6,21.4,0.25
batch 6,21.6,0.25
batch 6,21.8,0.25
batch 6,22.0,0.25
batch 6,22.2,0.25
batch 6,22.4,0.25
batch 6,22.6,0.25
batch 6,22.8,0.25
batch 6,23.0,0.25
batch 6,23.2,0.25
batch 6,23.4,0.25
batch 6,23.6,0.25
batch 6,23.8,0.25
batch 6,24.0,0.25
batch 6,24.2,0.25
batch 6,24.4,0.25
batch 6,24.6,0.25
batch 7,0.0,0.25
batch 7,0.2,0.25
batch 7,0.4,0.25
batch 7,0.6,0.25
batch 7,0.8,0.25
batch 7,1.0,0.25
batch 7,1.2,0.25
batch 7,1.4,0.25
batch 7,1.6,0.25
batch 7,1.8,0.25
batch 7,2.0,0.25
batch 7,2.2,0.25
batch 7,2.4,0.25
batch 7,2.6,0.25
batch 7,2.8,0.25
batch 7,3.0,0.25
batch 7,3.2,0.25
batch 7,3.4,0.25
batch 7,3.6,0.25
batch 7,3.8,0.25
batch 7,4.0,0.25
batch 7,4.2,0.25
batch 7,4.4,0.25
batch 7,4.6,0.25
batch 7,4.8,0.25
batch 7,5.0,0.25
batch 7,5.2,0.25
batch 7,5.4,0.25
batch 7,5.6,0.25
batch 7,5.8,0.25
batch 7,6.0,0.25
batch 7,6.2,0.25
batch 7,6.4,0.25
batch 7,6.6,0.25
batch 7,6.8,0.25
batch 7,7.0,0.25
batch 7,7.2,0.25
batch 7,7.4,0.25
batch 7,7.6,0.25
batch 7,7.8,0.25
batch 7,8.0,0.25
batch 7,8.2,0.25
batch 7,8.4,0.25
batch 7,8.6,0.25
batch 7,8.8,0.25
batch 7,9.0,0.25
batch 7,9.2,0.25
batch 7,9.4,0.25
batch 7,9.6,0.25
batch 7,9.8,0.25
batch 7,10.0,0.25
batch 7,10.2,0.25
batch 7,10.4,0.25
batch 7,10.6,0.25
batch 7,10.8,0.25
batch 7,11.0,0.25
batch 7,11.2,0.25
batch 7,11.4,0.25
batch 7,11.6,0.25
batch 7,11.8,0.25
batch 7,12.0,0.25
batch 7,12.2,0.25
batch 7,12.4,0.25
batch 7,12.6,0.25
batch 7,12.8,0.25
batch 7,13.0,0.25
batch 7,13.2,0.25
batch 7,13.4,0.25
batch 7,13.6,0.25
batch 7,13.8,0.25
batch 7,14.0,0.25
batch 7,14.2,0.25
batch 7,14.4,0.25
batch 7,14.6,0.25
batch 7,14.8,0.25
batch 7,15.0,0.25
batch 7,15.2,0.25
batch 7,15.4,0.25
batch 7,15.6,0.25
batch 7,15.8,0.25
batch 7,16.0,0.25
batch 7,16.2,0.25
batch 7,16.4,0.25
batch 7,16.6,0.25
batch 7,16.8,0.25
batch 7,17.0,0.25
batch 7,17.2,0.25
batch 7,17.4,0.25
batch 7,17.6,0.25
batch 7,17.8,0.25
batch 7,18.0,0.25
batch 7,18.2,0.25
batch 7,18.4,0.25
batch 7,18.6,0.25
batch 7,18.8,0.25
batch 7,19.0,0.25
batch 7,19.2,0.25
batch 7,19.4,0.25
batch 7,19.6,0.25
batch 7,19.8,0.25
batch 7,20.0,0.25
batch 7,20.2,0.25
batch 7,20.4,0.25
batch 7,20.6,0.25
batch 7,20.8,0.25
batch 7,21.0,0.25
batch 7,21.2,0.25
batch 7,21.4,0.25
batch 7,21.6,0.25
batch 7,21.8,0.25
batch 7,22.0,0.25
batch 7,22.2,0.25
batch 7,22.4,0.25
batch 7,22.6,0.25
batch 7,22.8,0.25
batch 7,23.0,0.25
batch 7,23.2,0.25
batch 7,23.4,0.25
batch 7,23.6,0.25
batch 7,23.8,0.25
batch 7,24.0,0.25
batch 7,24.2,0.25
batch 7,24.4,0.25
batch 7,24.6,0.25
batch 8,0.0,0.25
batch 8,0.2,0.25
batch 8,0.4,0.25
batch 8,0.6,0.25
batch 8,0.8,0.25
batch 8,1.0,0.25
batch 8,1.2,0.25
batch 8,1.4,0.25
batch 8,1.6,0.25
batch 8,1.8,0.25
batch 8,2.0,0.25
batch 8,2.2,0.25
batch 8,2.4,0.25
batch 8,2.6,0.25
batch 8,2.8,0.25
batch 8,3.0,0.25
batch 8,3.2,0.25
batch 8,3.4,0.25
batch 8,3.6,0.25
batch 8,3.8,0.25
batch 8,4.0,0.25
batch 8,4.2,0.25
batch 8,4.4,0.25
batch 8,4.6,0.25
batch 8,4.8,0.25
batch 8,5.0,0.25
batch 8,5.2,0.25
batch 8,5.4,0.25
batch 8,5.6,0.25
batch 8,5.8,0.25
batch 8,6.0,0.25
batch 8,6.2,0.25
batch 8,6.4,0.25
batch 8,6.6,0.25
batch 8,6.8,0.25
batch 8,7.0,0.25
batch 8,7.2,0.25
batch 8,7.4,0.25
batch 8,7.6,0.25
batch 8,7.8,0.25
batch 8,8.0,0.25
batch 8,8.2,0.25
batch 8,8.4,0.25
batch 8,8.6,0.25
batch 8,8.8,0.25
batch 8,9.0,0.25
batch 8,9.2,0.25
batch 8,9.4,0.25
batch 8,9.6,0.25
batch 8,9.8,0.25
batch 8,10.0,0.25
batch 8,10.2,0.25
batch 8,10.4,0.25
batch 8,10.6,0.25
batch 8,10.8,0.25
batch 8,11.0,0.25
batch 8,11.2,0.25
batch 8,11.4,0.25
batch 8,11.6,0.25
batch 8,11.8,0.25
batch 8,12.0,0.25
batch 8,12.2,0.25
batch 8,12.4,0.25
batch 8,12.6,0.25
batch 8,12.8,0.25
batch 8,13.0,0.25
batch 8,13.2,0.25
batch 8,13.4,0.25
batch 8,13.6,0.25
batch 8,13.8,0.25
batch 8,14.0,0.25
batch 8,14.2,0.25
batch 8,14.4,0.25
batch 8,14.6,0.25
batch 8,14.8,0.25
batch 8,15.0,0.25
batch 8,15.2,0.25
batch 8,15.4,0.25
batch 8,15.6,0.25
batch 8,15.8,0.25
batch 8,16.0,0.25
batch 8,16.2,0.25
batch 8,16.4,0.25
batch 8,16.6,0.25
batch 8,16.8,0.25
batch 8,17.0,0.25
batch 8,17.2,0.25
batch 8,17.4,0.25
batch 8,17.6,0.25
batch 8,17.8,0.25
batch 8,18.0,0.25
batch 8,18.2,0.25
batch 8,18.4,0.25
batch 8,18.6,0.25
batch 8,18.8,0.25
batch 8,19.0,0.25
batch 8,19.2,0.25
batch 8,19.4,0.25
batch 8,19.6,0.25
batch 8,19.8,0.25
batch 8,20.0,0.25
batch 8,20.2,0.25
batch 8,20.4,0.25
batch 8,20.6,0.25
batch 8,20.8,0.25
batch 8,21.0,0.25
batch 8,21.2,0.25
batch 8,21.4,0.25
batch 8,21.6,0.25
batch 8,21.8,0.25
batch 8,22.0,0.25
batch 8,22.2,0.25
batch 8,22.4,0.25
batch 8,22.6,0.25
batch 8,22.8,0.25
batch 8,23.0,0.25
batch 8,23.2,0.25
batch 8,23.4,0.25
batch 8,23.6,0.25
batch 8,23.8,0.25
batch 8,24.0,0.25
batch 8,24.2,0.25
batch 8,24.4,0.25
batch 8,24.6,0.25
batch 9,0.0,0.25
batch 9,0.2,0.25
batch 9,0.4,0.25
batch 9,0.6,0.25
batch 9,0.8,0.25
batch 9,1.0,0.25
batch 9,1.2,0.25
batch 9,1.4,0.25
batch 9,1.6,0.25
batch 9,1.8,0.25
batch 9,2.0,0.25
batch 9,2.2,0.25
batch 9,2.4,0.25
batch 9,2.6,0.25
batch 9,2.8,0.25
batch 9,3.0,0.25
batch 9,3.2,0.25
batch 9,3.4,0.25
batch 9,3.6,0.25
batch 9,3.8,0.25
batch 9,4.0,0.25
batch 9,4.2,0.25
batch 9,4.4,0.25
batch 9,4.6,0.25
batch 9,4.8,0.25
batch 9,5.0,0.25
batch 9,5.2,0.25
batch 9,5.4,0.25
batch 9,5.6,0.25
batch 9,5.8,0.25
batch 9,6.0,0.25
batch 9,6.2,0.25
batch 9,6.4,0.25
batch 9,6.6,0.25
batch 9,6.8,0.25
batch 9,7.0,0.25
batch 9,7.2,0.25
batch 9,7.4,0.25
batch 9,7.6,0.25
batch 9,7.8,0.25
batch 9,8.0,0.25
batch 9,8.2,0.25
batch 9,8.4,0.25
batch 9,8.6,0.25
batch 9,8.8,0.25
batch 9,9.0,0.25
batch 9,9.2,0.25
batch 9,9.4,0.25
batch 9,9.6,0.25
batch 9,9.8,0.25
batch 9,10.0,0.25
batch 9,10.2,0.25
batch 9,10.4,0.25
batch 9,10.6,0.25
batch 9,10.8,0.25
batch 9,11.0,0.25
batch 9,11.2,0.25
batch 9,11.4,0.25
batch 9,11.6,0.25
batch 9,11.8,0.25
batch 9,12.0,0.25
batch 9,12.2,0.25
batch 9,12.4,0.25
batch 9,12.6,0.25
batch 9,12.8,0.25
batch 9,13.0,0.25
batch 9,13.2,0.25
batch 9,13.4,0.25
batch 9,13.6,0.25
batch 9,13.8,0.25
batch 9,14.0,0.25
batch 9,14.2,0.25
batch 9,14.4,0.25
batch 9,14.6,0.25
batch 9,14.8,0.25
batch 9,15.0,0.25
batch 9,15.2,0.25
batch 9,15.4,0.25
batch 9,15.6,0.25
batch 9,15.8,0.25
batch 9,16.0,0.25
batch 9,16.2,0.25
batch 9,16.4,0.25
batch 9,16.6,0.25
batch 9,16.8,0.25
batch 9,17.0,0.25
batch 9,17.2,0.25
batch 9,17.4,0.25
batch 9,17.6,0.25
batch 9,17.8,0.25
batch 9,18.0,0.25
batch 9,18.2,0.25
batch 9,18.4,0.25
batch 9,18.6,0.25
batch 9,18.8,0.25
batch 9,19.0,0.25
batch 9,19.2,0.25
batch 9,19.4,0.25
batch 9,19.6,0.25
batch 9,19.8,0.25
batch 9,20.0,0.25
batch 9,20.2,0.25
batch 9,20.4,0.25
batch 9,20.6,0.25
batch 9,20.8,0.25
batch 9,21.0,0.25
batch 9,21.2,0.25
batch 9,21.4,0.25
batch 9,21.6,0.25
batch 9,21.8,0.25
batch 9,22.0,0.25
batch 9,22.2,0.25
batch 9,22.4,0.25
batch 9,22.6,0.25
batch 9,22.8,0.25
batch 9,23.0,0.25
batch 9,23.2,0.25
batch 9,23.4,0.25
batch 9,23.6,0.25
batch 9,23.8,0.25
batch 9,24.0,0.25
batch 9,24.2,0.25
batch 9,24.4,0.25
batch 9,24.6,0.25
batch 10,0.0,0.25
batch 10,0.2,0.25
batch 10,0.4,0.25
batch 10,0.6,0.25
batch 10,0.8,0.25
batch 10,1.0,0.25
batch 10,1.2,0.25
batch 10,1.4,0.25
batch 10,1.6,0.25
batch 10,1.8,0.25
batch 10,2.0,0.25
batch 10,2.2,0.25
batch 10,2.4,0.25
batch 10,2.6,0.25
batch 10,2.8,0.25
batch 10,3.0,0.25
batch 10,3.2,0.25
batch 10,3.4,0.25
batch 10,3.6,0.25
batch 10,3.8,0.25
batch 10,4.0,0.25
batch 10,4.2,0.25
batch 10,4.4,0.25
batch 10,4.6,0.25
batch 10,4.8,0.25
batch 10,5.0,0.25
batch 10,5.2,0.25
batch 10,5.4,0.25
batch 10,5.6,0.25
batch 10,5.8,0.25
batch 10,6.0,0.25
batch 10,6.2,0.25
batch 10,6.4,0.25
batch 10,6.6,0.25
batch 10,6.8,0.25
batch 10,7.0,0.25
batch 10,7.2,0.25
batch 10,7.4,0.25
batch 10,7.6,0.25
batch 10,7.8,0.25
batch 10,8.0,0.25
batch 10,8.2,0.25
batch 10,8.4,0.25
batch 10,8.6,0.25
batch 10,8.8,0.25
batch 10,9.0,0.25
batch 10,9.2,0.25
batch 10,9.4,0.25
batch 10,9.6,0.25
batch 10,9.8,0.25
batch 10,10.0,0.25
batch 10,10.2,0.25
batch 10,10.4,0.25
batch 10,10.6,0.25
batch 10,10.8,0.25
batch 10,11.0,0.25
batch 10,11.2,0.25
batch 10,11.4,0.25
batch 10,11.6,0.25
batch 10,11.8,0.25
batch 10,12.0,0.25
batch 10,12.2,0.25
batch 10,12.4,0.25
batch 10,12.6,0.25
batch 10,12.8,0.25
batch 10,13.0,0.25
batch 10,13.2,0.25
batch 10,13.4,0.25
batch 10,13.6,0.25
batch 10,13.8,0.25
batch 10,14.0,0.25
batch 10,14.2,0.25
batch 10,14.4,0.25
batch 10,14.6,0.25
batch 10,14.8,0.25
batch 10,15.0,0.25
batch 10,15.2,0.25
batch 10,15.4,0.25
batch 10,15.6,0.25
batch 10,15.8,0.25
batch 10,16.0,0.25
batch 10,16.2,0.25
batch 10,16.4,0.25
batch 10,16.6,0.25
batch 10,16.8,0.25
batch 10,17.0,0.25
batch 10,17.2,0.25
batch 10,17.4,0.25
batch 10,17.6,0.25
batch 10,17.8,0.25
batch 10,18.0,0.25
batch 10,18.2,0.25
batch 10,18.4,0.25
batch 10,18.6,0.25
batch 10,18.8,0.25
batch 10,19.0,0.25
batch 10,19.2,0.25
batch 10,19.4,0.25
batch 10,19.6,0.25
batch 10,19.8,0.25
batch 10,20.0,0.25
batch 10,20.2,0.25
batch 10,20.4,0.25
batch 10,20.6,0.25
batch 10,20.8,0.25
batch 10,21.0,0.25
batch 10,21.2,0.25
batch 10,21.4,0.25
batch 10,21.6,0.25
batch 10,21.8,0.25
batch 10,22.0,0.25
batch 10,22.2,0.25
batch 10,22.4,0.25
batch 10,22.6,0.25
batch 10,22.8,0.25
batch 10,23.0,0.25
batch 10,23.2,0.25
batch 10,23.4,0.25
batch 10,23.6,0.25
batch 10,23.8,0.25
batch 10,24.0,0.25
batch 10,24.2,0.25
batch 10,24.4,0.25
batch 10,24.6,0.25
batch 11,0.0,0.5
batch 11,0.2,0.5
batch 11,0.4,0.5
batch 11,0.6,0.5
batch 11,0.8,0.5
batch 11,1.0,0.5
batch 11,1.2,0.5
batch 11,1.4,0.5
batch 11,1.6,0.5
batch 11,1.8,0.5
batch 11,2.0,0.5
batch 11,2.2,0.5
batch 11,2.4,0.5
batch 11,2.6,0.5
batch 11,2.8,0.5
batch 11,3.0,0.5
batch 11,3.2,0.5
batch 11,3.4,0.5
batch 11,3.6,0.5
batch 11,3.8,0.5
batch 11,4.0,0.5
batch 11,4.2,0.5
batch 11,4.4,0.5
batch 11,4.6,0.5
batch 11,4.8,0.5
batch 11,5.0,0.5
batch 11,5.2,0.5
batch 11,5.4,0.5
batch 11,5.6,0.5
batch 11,5.8,0.5
batch 11,6.0,0.5
batch 11,6.2,0.5
batch 11,6.4,0.5
batch 11,6.6,0.5
batch 11,6.8,0.5
batch 11,7.0,0.5
batch 11,7.2,0.5
batch 11,7.4,0.5
batch 11,7.6,0.5
batch 11,7.8,0.5
batch 11,8.0,0.5
batch 11,8.2,0.5
batch 11,8.4,0.5
batch 11,8.6,0.5
batch 11,8.8,0.5
batch 11,9.0,0.5
batch 11,9.2,0.5
batch 11,9.4,0.5
batch 11,9.6,0.5
batch 11,9.8,0.5
batch 11,10.0,0.5
batch 11,10.2,0.5
batch 11,10.4,0.5
batch 11,10.6,0.5
batch 11,10.8,0.5
batch 11,11.0,0.5
batch 11,11.2,0.5
batch 11,11.4,0.5
batch 11,11.6,0.5
batch 11,11.8,0.5
batch 11,12.0,0.5
batch 11,12.2,0.5
batch 11,12.4,0.5
batch 11,12.6,0.5
batch 11,12.8,0.5
batch 11,13.0,0.5
batch 11,13.2,0.5
batch 11,13.4,0.5
batch 11,13.6,0.5
batch 11,13.8,0.5
batch 11,14.0,0.5
batch 11,14.2,0.5
batch 11,14.4,0.5
batch 11,14.6,0.5
batch 11,14.8,0.5
batch 11,15.0,0.5
batch 11,15.2,0.5
batch 11,15.4,0.5
batch 11,15.6,0.5
batch 11,15.8,0.5
batch 11,16.0,0.5
batch 11,16.2,0.5
batch 11,16.4,0.5
batch 11,16.6,0.5
batch 11,16.8,0.5
batch 11,17.0,0.5
batch 11,17.2,0.5
batch 11,17.4,0.5
batch 11,17.6,0.5
batch 11,17.8,0.5
batch 11,18.0,0.5
batch 11,18.2,0.5
batch 11,18.4,0.5
batch 11,18.6,0.5
batch 11,18.8,0.5
batch 11,19.0,0.5
batch 11,19.2,0.5
batch 11,19.4,0.5
batch 11,19.6,0.5
batch 11,19.8,0.5
batch 11,20.0,0.5
batch 11,20.2,0.5
batch 11,20.4,0.5
batch 11,20.6,0.5
batch 11,20.8,0.5
batch 11,21.0,0.5
batch 11,21.2,0.5
batch 11,21.4,0.5
batch 11,21.6,0.5
batch 11,21.8,0.5
batch 11,22.0,0.5
batch 11,22.2,0.5
batch 11,22.4,0.5
batch 11,22.6,0.5
batch 11,22.8,0.5
batch 11,23.0,0.5
batch 11,23.2,0.5
batch 11,23.4,0.5
batch 11,23.6,0.5
batch 11,23.8,0.5
batch 11,24.0,0.5
batch 11,24.2,0.5
batch 11,24.4,0.5
batch 11,24.6,0.5
batch 12,0.0,0.5
batch 12,0.2,0.5
batch 12,0.4,0.5
batch 12,0.6,0.5
batch 12,0.8,0.5
batch 12,1.0,0.5
batch 12,1.2,0.5
batch 12,1.4,0.5
batch 12,1.6,0.5
batch 12,1.8,0.5
batch 12,2.0,0.5
batch 12,2.2,0.5
batch 12,2.4,0.5
batch 12,2.6,0.5
batch 12,2.8,0.5
batch 12,3.0,0.5
batch 12,3.2,0.5
batch 12,3.4,0.5
batch 12,3.6,0.5
batch 12,3.8,0.5
batch 12,4.0,0.5
batch 12,4.2,0.5
batch 12,4.4,0.5
batch 12,4.6,0.5
batch 12,4.8,0.5
batch 12,5.0,0.5
batch 12,5.2,0.5
batch 12,5.4,0.5
batch 12,5.6,0.5
batch 12,5.8,0.5
batch 12,6.0,0.5
batch 12,6.2,0.5
batch 12,6.4,0.5
batch 12,6.6,0.5
batch 12,6.8,0.5
batch 12,7.0,0.5
batch 12,7.2,0.5
batch 12,7.4,0.5
batch 12,7.6,0.5
batch 12,7.8,0.5
batch 12,8.0,0.5
batch 12,8.2,0.5
batch 12,8.4,0.5
batch 12,8.6,0.5
batch 12,8.8,0.5
batch 12,9.0,0.5
batch 12,9.2,0.5
batch 12,9.4,0.5
batch 12,9.6,0.5
batch 12,9.8,0.5
batch 12,10.0,0.5
batch 12,10.2,0.5
batch 12,10.4,0.5
batch 12,10.6,0.5
batch 12,10.8,0.5
batch 12,11.0,0.5
batch 12,11.2,0.5
batch 12,11.4,0.5
batch 12,11.6,0.5
batch 12,11.8,0.5
batch 12,12.0,0.5
batch 12,12.2,0.5
batch 12,12.4,0.5
batch 12,12.6,0.5
batch 12,12.8,0.5
batch 12,13.0,0.5
batch 12,13.2,0.5
batch 12,13.4,0.5
batch 12,13.6,0.5
batch 12,13.8,0.5
batch 12,14.0,0.5
batch 12,14.2,0.5
batch 12,14.4,0.5
batch 12,14.6,0.5
batch 12,14.8,0.5
batch 12,15.0,0.5
batch 12,15.2,0.5
batch 12,15.4,0.5
batch 12,15.6,0.5
batch 12,15.8,0.5
batch 12,16.0,0.5
batch 12,16.2,0.5
batch 12,16.4,0.5
batch 12,16.6,0.5
batch 12,16.8,0.5
batch 12,17.0,0.5
batch 12,17.2,0.5
batch 12,17.4,0.5
batch 12,17.6,0.5
batch 12,17.8,0.5
batch 12,18.0,0.5
batch 12,18.2,0.5
batch 12,18.4,0.5
batch 12,18.6,0.5
batch 12,18.8,0.5
batch 12,19.0,0.5
batch 12,19.2,0.5
batch 12,19.4,0.5
batch 12,19.6,0.5
batch 12,19.8,0.5
batch 12,20.0,0.5
batch 12,20.2,0.5
batch 12,20.4,0.5
batch 12,20.6,0.5
batch 12,20.8,0.5
batch 12,21.0,0.5
batch 12,21.2,0.5
batch 12,21.4,0.5
batch 12,21.6,0.5
batch 12,21.8,0.5
batch 12,22.0,0.5
batch 12,22.2,0.5
batch 12,22.4,0.5
batch 12,22.6,0.5
batch 12,22.8,0.5
batch 12,23.0,0.5
batch 12,23.2,0.5
batch 12,23.4,0.5
batch 12,23.6,0.5
batch 12,23.8,0.5
batch 12,24.0,0.5
batch 12,24.2,0.5
batch 12,24.4,0.5
batch 12,24.6,0.5
batch 13,0.0,0.5
batch 13,0.2,0.5
batch 13,0.4,0.5
batch 13,0.6,0.5
batch 13,0.8,0.5
batch 13,1.0,0.5
batch 13,1.2,0.5
batch 13,1.4,0.5
batch 13,1.6,0.5
batch 13,1.8,0.5
batch 13,2.0,0.5
batch 13,2.2,0.5
batch 13,2.4,0.5
batch 13,2.6,0.5
batch 13,2.8,0.5
batch 13,3.0,0.5
batch 13,3.2,0.5
batch 13,3.4,0.5
batch 13,3.6,0.5
batch 13,3.8,0.5
batch 13,4.0,0.5
batch 13,4.2,0.5
batch 13,4.4,0.5
batch 13,4.6,0.5
batch 13,4.8,0.5
batch 13,5.0,0.5
batch 13,5.2,0.5
batch 13,5.4,0.5
batch 13,5.6,0.5
batch 13,5.8,0.5
batch 13,6.0,0.5
batch 13,6.2,0.5
batch 13,6.4,0.5
batch 13,6.6,0.5
batch 13,6.8,0.5
batch 13,7.0,0.5
batch 13,7.2,0.5
batch 13,7.4,0.5
batch 13,7.6,0.5
batch 13,7.8,0.5
batch 13,8.0,0.5
batch 13,8.2,0.5
batch 13,8.4,0.5
batch 13,8.6,0.5
batch 13,8.8,0.5
batch 13,9.0,0.5
batch 13,9.2,0.5
batch 13,9.4,0.5
batch 13,9.6,0.5
batch 13,9.8,0.5
batch 13,10.0,0.5
batch 13,10.2,0.5
batch 13,10.4,0.5
batch 13,10.6,0.5
batch 13,10.8,0.5
batch 13,11.0,0.5
batch 13,11.2,0.5
batch 13,11.4,0.5
batch 13,11.6,0.5
batch 13,11.8,0.5
batch 13,12.0,0.5
batch 13,12.2,0.5
batch 13,12.4,0.5
batch 13,12.6,0.5
batch 13,12.8,0.5
batch 13,13.0,0.5
batch 13,13.2,0.5
batch 13,13.4,0.5
batch 13,13.6,0.5
batch 13,13.8,0.5
batch 13,14.0,0.5
batch 13,14.2,0.5
batch 13,14.4,0.5
batch 13,14.6,0.5
batch 13,14.8,0.5
batch 13,15.0,0.5
batch 13,15.2,0.5
batch 13,15.4,0.5
batch 13,15.6,0.5
batch 13,15.8,0.5
batch 13,16.0,0.5
batch 13,16.2,0.5
batch 13,16.4,0.5
batch 13,16.6,0.5
batch 13,16.8,0.5
batch 13,17.0,0.5
batch 13,17.2,0.5
batch 13,17.4,0.5
batch 13,17.6,0.5
batch 13,17.8,0.5
batch 13,18.0,0.5
batch 13,18.2,0.5
batch 13,18.4,0.5
batch 13,18.6,0.5
batch 13,18.8,0.5
batch 13,19.0,0.5
batch 13,19.2,0.5
batch 13,19.4,0.5
batch 13,19.6,0.5
batch 13,19.8,0.5
batch 13,20.0,0.5
batch 13,20.2,0.5
batch 13,20.4,0.5
batch 13,20.6,0.5
batch 13,20.8,0.5
batch 13,21.0,0.5
batch 13,21.2,0.5
batch 13,21.4,0.5
batch 13,21.6,0.5
batch 13,21.8,0.5
batch 13,22.0,0.5
batch 13,22.2,0.5
batch 13,22.4,0.5
batch 13,22.6,0.5
batch 13,22.8,0.5
batch 13,23.0,0.5
batch 13,23.2,0.5
batch 13,23.4,0.5
batch 13,23.6,0.5
batch 13,23.8,0.5
batch 13,24.0,0.5
batch 13,24.2,0.5
batch 13,24.4,0.5
batch 13,24.6,0.5
batch 14,0.0,0.5
batch 14,0.2,0.5
batch 14,0.4,0.5
batch 14,0.6,0.5
batch 14,0.8,0.5
batch 14,1.0,0.5
batch 14,1.2,0.5
batch 14,1.4,0.5
batch 14,1.6,0.5
batch 14,1.8,0.5
batch 14,2.0,0.5
batch 14,2.2,0.5
batch 14,2.4,0.5
batch 14,2.6,0.5
batch 14,2.8,0.5
batch 14,3.0,0.5
batch 14,3.2,0.5
batch 14,3.4,0.5
batch 14,3.6,0.5
batch 14,3.8,0.5
batch 14,4.0,0.5
batch 14,4.2,0.5
batch 14,4.4,0.5
batch 14,4.6,0.5
batch 14,4.8,0.5
batch 14,5.0,0.5
batch 14,5.2,0.5
batch 14,5.4,0.5
batch 14,5.6,0.5
batch 14,5.8,0.5
batch 14,6.0,0.5
batch 14,6.2,0.5
batch 14,6.4,0.5
batch 14,6.6,0.5
batch 14,6.8,0.5
batch 14,7.0,0.5
batch 14,7.2,0.5
batch 14,7.4,0.5
batch 14,7.6,0.5
batch 14,7.8,0.5
batch 14,8.0,0.5
batch 14,8.2,0.5
batch 14,8.4,0.5
batch 14,8.6,0.5
batch 14,8.8,0.5
batch 14,9.0,0.5
batch 14,9.2,0.5
batch 14,9.4,0.5
batch 14,9.6,0.5
batch 14,9.8,0.5
batch 14,10.0,0.5
batch 14,10.2,0.5
batch 14,10.4,0.5
batch 14,10.6,0.5
batch 14,10.8,0.5
batch 14,11.0,0.5
batch 14,11.2,0.5
batch 14,11.4,0.5
batch 14,11.6,0.5
batch 14,11.8,0.5
batch 14,12.0,0.5
batch 14,12.2,0.5
batch 14,12.4,0.5
batch 14,12.6,0.5
batch 14,12.8,0.5
batch 14,13.0,0.5
batch 14,13.2,0.5
batch 14,13.4,0.5
batch 14,13.6,0.5
batch 14,13.8,0.5
batch 14,14.0,0.5
batch 14,14.2,0.5
batch 14,14.4,0.5
batch 14,14.6,0.5
batch 14,14.8,0.5
batch 14,15.0,0.5
batch 14,15.2,0.5
batch 14,15.4,0.5
batch 14,15.6,0.5
batch 14,15.8,0.5
batch 14,16.0,0.5
batch 14,16.2,0.5
batch 14,16.4,0.5
batch 14,16.6,0.5
batch 14,16.8,0.5
batch 14,17.0,0.5
batch 14,17.2,0.5
batch 14,17.4,0.5
batch 14,17.6,0.5
batch 14,17.8,0.5
batch 14,18.0,0.5
batch 14,18.2,0.5
batch 14,18.4,0.5
batch 14,18.6,0.5
batch 14,18.8,0.5
batch 14,19.0,0.5
batch 14,19.2,0.5
batch 14,19.4,0.5
batch 14,19.6,0.5
batch 14,19.8,0.5
batch 14,20.0,0.5
batch 14,20.2,0.5
batch 14,20.4,0.5
batch 14,20.6,0.5
batch 14,20.8,0.5
batch 14,21.0,0.5
batch 14,21.2,0.5
batch 14,21.4,0.5
batch 14,21.6,0.5
batch 14,21.8,0.5
batch 14,22.0,0.5
batch 14,22.2,0.5
batch 14,22.4,0.5
batch 14,22.6,0.5
batch 14,22.8,0.5
batch 14,23.0,0.5
batch 14,23.2,0.5
batch 14,23.4,0.5
batch 14,23.6,0.5
batch 14,23.8,0.5
batch 14,24.0,0.5
batch 14,24.2,0.5
batch 14,24.4,0.5
batch 14,24.6,0.5
batch 15,0.0,0.5
batch 15,0.2,0.5
batch 15,0.4,0.5
batch 15,0.6,0.5
batch 15,0.8,0.5
batch 15,1.0,0.5
batch 15,1.2,0.5
batch 15,1.4,0.5
batch 15,1.6,0.5
batch 15,1.8,0.5
batch 15,2.0,0.5
batch 15,2.2,0.5
batch 15,2.4,0.5
batch 15,2.6,0.5
batch 15,2.8,0.5
batch 15,3.0,0.5
batch 15,3.2,0.5
batch 15,3.4,0.5
batch 15,3.6,0.5
batch 15,3.8,0.5
batch 15,4.0,0.5
batch 15,4.2,0.5
batch 15,4.4,0.5
batch 15,4.6,0.5
batch 15,4.8,0.5
batch 15,5.0,0.5
batch 15,5.2,0.5
batch 15,5.4,0.5
batch 15,5.6,0.5
batch 15,5.8,0.5
batch 15,6.0,0.5
batch 15,6.2,0.5
batch 15,6.4,0.5
batch 15,6.6,0.5
batch 15,6.8,0.5
batch 15,7.0,0.5
batch 15,7.2,0.5
batch 15,7.4,0.5
batch 15,7.6,0.5
batch 15,7.8,0.5
batch 15,8.0,0.5
batch 15,8.2,0.5
batch 15,8.4,0.5
batch 15,8.6,0.5
batch 15,8.8,0.5
batch 15,9.0,0.5
batch 15,9.2,0.5
batch 15,9.4,0.5
batch 15,9.6,0.5
batch 15,9.8,0.5
batch 15,10.0,0.5
batch 15,10.2,0.5
batch 15,10.4,0.5
batch 15,10.6,0.5
batch 15,10.8,0.5
batch 15,11.0,0.5
batch 15,11.2,0.5
batch 15,11.4,0.5
batch 15,11.6,0.5
batch 15,11.8,0.5
batch 15,12.0,0.5
batch 15,12.2,0.5
batch 15,12.4,0.5
batch 15,12.6,0.5
batch 15,12.8,0.5
batch 15,13.0,0.5
batch 15,13.2,0.5
batch 15,13.4,0.5
batch 15,13.6,0.5
batch 15,13.8,0.5
batch 15,14.0,0.5
batch 15,14.2,0.5
batch 15,14.4,0.5
batch 15,14.6,0.5
batch 15,14.8,0.5
batch 15,15.0,0.5
batch 15,15.2,0.5
batch 15,15.4,0.5
batch 15,15.6,0.5
batch 15,15.8,0.5
batch 15,16.0,0.5
batch 15,16.2,0.5
batch 15,16.4,0.5
batch 15,16.6,0.5
batch 15,16.8,0.5
batch 15,17.0,0.5
batch 15,17.2,0.5
batch 15,17.4,0.5
batch 15,17.6,0.5
batch 15,17.8,0.5
batch 15,18.0,0.5
batch 15,18.2,0.5
batch 15,18.4,0.5
batch 15,18.6,0.5
batch 15,18.8,0.5
batch 15,19.0,0.5
batch 15,19.2,0.5
batch 15,19.4,0.5
batch 15,19.6,0.5
batch 15,19.8,0.5
batch 15,20.0,0.5
batch 15,20.2,0.5
batch 15,20.4,0.5
batch 15,20.6,0.5
batch 15,20.8,0.5
batch 15,21.0,0.5
batch 15,21.2,0.5
batch 15,21.4,0.5
batch 15,21.6,0.5
batch 15,21.8,0.5
batch 15,22.0,0.5
batch 15,22.2,0.5
batch 15,22.4,0.5
batch 15,22.6,0.5
batch 15,22.8,0.5
batch 15,23.0,0.5
batch 15,23.2,0.5
batch 15,23.4,0.5
batch 15,23.6,0.5
batch 15,23.8,0.5
batch 15,24.0,0.5
batch 15,24.2,0.5
batch 15,24.4,0.5
batch 15,24.6,0.5
batch 16,0.0,1.0
batch 16,0.2,1.0
batch 16,0.4,1.0
batch 16,0.6,1.0
batch 16,0.8,1.0
batch 16,1.0,1.0
batch 16,1.2,1.0
batch 16,1.4,1.0
batch 16,1.6,1.0
batch 16,1.8,1.0
batch 16,2.0,1.0
batch 16,2.2,1.0
batch 16,2.4,1.0
batch 16,2.6,1.0
batch 16,2.8,1.0
batch 16,3.0,1.0
batch 16,3.2,1.0
batch 16,3.4,1.0
batch 16,3.6,1.0
batch 16,3.8,1.0
batch 16,4.0,1.0
batch 16,4.2,1.0
batch 16,4.4,1.0
batch 16,4.6,1.0
batch 16,4.8,1.0
batch 16,5.0,1.0
batch 16,5.2,1.0
batch 16,5.4,1.0
batch 16,5.6,1.0
batch 16,5.8,1.0
batch 16,6.0,1.0
batch 16,6.2,1.0
batch 16,6.4,1.0
batch 16,6.6,1.0
batch 16,6.8,1.0
batch 16,7.0,1.0
batch 16,7.2,1.0
batch 16,7.4,1.0
batch 16,7.6,1.0
batch 16,7.8,1.0
batch 16,8.0,1.0
batch 16,8.2,1.0
batch 16,8.4,1.0
batch 16,8.6,1.0
batch 16,8.8,1.0
batch 16,9.0,1.0
batch 16,9.2,1.0
batch 16,9.4,1.0
batch 16,9.6,1.0
batch 16,9.8,1.0
batch 16,10.0,1.0
batch 16,10.2,1.0
batch 16,10.4,1.0
batch 16,10.6,1.0
batch 16,10.8,1.0
batch 16,11.0,1.0
batch 16,11.2,1.0
batch 16,11.4,1.0
batch 16,11.6,1.0
batch 16,11.8,1.0
batch 16,12.0,1.0
batch 16,12.2,1.0
batch 16,12.4,1.0
batch 16,12.6,1.0
batch 16,12.8,1.0
batch 16,13.0,1.0
batch 16,13.2,1.0
batch 16,13.4,1.0
batch 16,13.6,1.0
batch 16,13.8,1.0
batch 16,14.0,1.0
batch 16,14.2,1.0
batch 16,14.4,1.0
batch 16,14.6,1.0
batch 16,14.8,1.0
batch 16,15.0,1.0
batch 16,15.2,1.0
batch 16,15.4,1.0
batch 16,15.6,1.0
batch 16,15.8,1.0
batch 16,16.0,1.0
batch 16,16.2,1.0
batch 16,16.4,1.0
batch 16,16.6,1.0
batch 16,16.8,1.0
batch 16,17.0,1.0
batch 16,17.2,1.0
batch 16,17.4,1.0
batch 16,17.6,1.0
batch 16,17.8,1.0
batch 16,18.0,1.0
batch 16,18.2,1.0
batch 16,18.4,1.0
batch 16,18.6,1.0
batch 16,18.8,1.0
batch 16,19.0,1.0
batch 16,19.2,1.0
batch 16,19.4,1.0
batch 16,19.6,1.0
batch 16,19.8,1.0
batch 16,20.0,1.0
batch 16,20.2,1.0
batch 16,20.4,1.0
batch 16,20.6,1.0
batch 16,20.8,1.0
batch 16,21.0,1.0
batch 16,21.2,1.0
batch 16,21.4,1.0
batch 16,21.6,1.0
batch 16,21.8,1.0
batch 16,22.0,1.0
batch 16,22.2,1.0
batch 16,22.4,1.0
batch 16,22.6,1.0
batch 16,22.8,1.0
batch 16,23.0,1.0
batch 16,23.2,1.0
batch 16,23.4,1.0
batch 16,23.6,1.0
batch 16,23.8,1.0
batch 16,24.0,1.0
batch 16,24.2,1.0
batch 16,24.4,1.0
batch 16,24.6,1.0
batch 17,0.0,1.0
batch 17,0.2,1.0
batch 17,0.4,1.0
batch 17,0.6,1.0
batch 17,0.8,1.0
batch 17,1.0,1.0
batch 17,1.2,1.0
batch 17,1.4,1.0
batch 17,1.6,1.0
batch 17,1.8,1.0
batch 17,2.0,1.0
batch 17,2.2,1.0
batch 17,2.4,1.0
batch 17,2.6,1.0
batch 17,2.8,1.0
batch 17,3.0,1.0
batch 17,3.2,1.0
batch 17,3.4,1.0
batch 17,3.6,1.0
batch 17,3.8,1.0
batch 17,4.0,1.0
batch 17,4.2,1.0
batch 17,4.4,1.0
batch 17,4.6,1.0
batch 17,4.8,1.0
batch 17,5.0,1.0
batch 17,5.2,1.0
batch 17,5.4,1.0
batch 17,5.6,1.0
batch 17,5.8,1.0
batch 17,6.0,1.0
batch 17,6.2,1.0
batch 17,6.4,1.0
batch 17,6.6,1.0
batch 17,6.8,1.0
batch 17,7.0,1.0
batch 17,7.2,1.0
batch 17,7.4,1.0
batch 17,7.6,1.0
batch 17,7.8,1.0
batch 17,8.0,1.0
batch 17,8.2,1.0
batch 17,8.4,1.0
batch 17,8.6,1.0
batch 17,8.8,1.0
batch 17,9.0,1.0
batch 17,9.2,1.0
batch 17,9.4,1.0
batch 17,9.6,1.0
batch 17,9.8,1.0
batch 17,10.0,1.0
batch 17,10.2,1.0
batch 17,10.4,1.0
batch 17,10.6,1.0
batch 17,10.8,1.0
batch 17,11.0,1.0
batch 17,11.2,1.0
batch 17,11.4,1.0
batch 17,11.6,1.0
batch 17,11.8,1.0
batch 17,12.0,1.0
batch 17,12.2,1.0
batch 17,12.4,1.0
batch 17,12.6,1.0
batch 17,12.8,1.0
batch 17,13.0,1.0
batch 17,13.2,1.0
batch 17,13.4,1.0
batch 17,13.6,1.0
batch 17,13.8,1.0
batch 17,14.0,1.0
batch 17,14.2,1.0
batch 17,14.4,1.0
batch 17,14.6,1.0
batch 17,14.8,1.0
batch 17,15.0,1.0
batch 17,15.2,1.0
batch 17,15.4,1.0
batch 17,15.6,1.0
batch 17,15.8,1.0
batch 17,16.0,1.0
batch 17,16.2,1.0
batch 17,16.4,1.0
batch 17,16.6,1.0
batch 17,16.8,1.0
batch 17,17.0,1.0
batch 17,17.2,1.0
batch 17,17.4,1.0
batch 17,17.6,1.0
batch 17,17.8,1.0
batch 17,18.0,1.0
batch 17,18.2,1.0
batch 17,18.4,1.0
batch 17,18.6,1.0
batch 17,18.8,1.0
batch 17,19.0,1.0
batch 17,19.2,1.0
batch 17,19.4,1.0
batch 17,19.6,1.0
batch 17,19.8,1.0
batch 17,20.0,1.0
batch 17,20.2,1.0
batch 17,20.4,1.0
batch 17,20.6,1.0
batch 17,20.8,1.0
batch 17,21.0,1.0
batch 17,21.2,1.0
batch 17,21.4,1.0
batch 17,21.6,1.0
batch 17,21.8,1.0
batch 17,22.0,1.0
batch 17,22.2,1.0
batch 17,22.4,1.0
batch 17,22.6,1.0
batch 17,22.8,1.0
batch 17,23.0,1.0
batch 17,23.2,1.0
batch 17,23.4,1.0
batch 17,23.6,1.0
batch 17,23.8,1.0
batch 17,24.0,1.0
batch 17,24.2,1.0
batch 17,24.4,1.0
batch 17,24.6,1.0
batch 18,0.0,1.0
batch 18,0.2,1.0
batch 18,0.4,1.0
batch 18,0.6,1.0
batch 18,0.8,1.0
batch 18,1.0,1.0
batch 18,1.2,1.0
batch 18,1.4,1.0
batch 18,1.6,1.0
batch 18,1.8,1.0
batch 18,2.0,1.0
batch 18,2.2,1.0
batch 18,2.4,1.0
batch 18,2.6,1.0
batch 18,2.8,1.0
batch 18,3.0,1.0
batch 18,3.2,1.0
batch 18,3.4,1.0
batch 18,3.6,1.0
batch 18,3.8,1.0
batch 18,4.0,1.0
batch 18,4.2,1.0
batch 18,4.4,1.0
batch 18,4.6,1.0
batch 18,4.8,1.0
batch 18,5.0,1.0
batch 18,5.2,1.0
batch 18,5.4,1.0
batch 18,5.6,1.0
batch 18,5.8,1.0
batch 18,6.0,1.0
batch 18,6.2,1.0
batch 18,6.4,1.0
batch 18,6.6,1.0
batch 18,6.8,1.0
batch 18,7.0,1.0
batch 18,7.2,1.0
batch 18,7.4,1.0
batch 18,7.6,1.0
batch 18,7.8,1.0
batch 18,8.0,1.0
batch 18,8.2,1.0
batch 18,8.4,1.0
batch 18,8.6,1.0
batch 18,8.8,1.0
batch 18,9.0,1.0
batch 18,9.2,1.0
batch 18,9.4,1.0
batch 18,9.6,1.0
batch 18,9.8,1.0
batch 18,10.0,1.0
batch 18,10.2,1.0
batch 18,10.4,1.0
batch 18,10.6,1.0
batch 18,10.8,1.0
batch 18,11.0,1.0
batch 18,11.2,1.0
batch 18,11.4,1.0
batch 18,11.6,1.0
batch 18,11.8,1.0
batch 18,12.0,1.0
batch 18,12.2,1.0
batch 18,12.4,1.0
batch 18,12.6,1.0
batch 18,12.8,1.0
batch 18,13.0,1.0
batch 18,13.2,1.0
batch 18,13.4,1.0
batch 18,13.6,1.0
batch 18,13.8,1.0
batch 18,14.0,1.0
batch 18,14.2,1.0
batch 18,14.4,1.0
batch 18,14.6,1.0
batch 18,14.8,1.0
batch 18,15.0,1.0
batch 18,15.2,1.0
batch 18,15.4,1.0
batch 18,15.6,1.0
batch 18,15.8,1.0
batch 18,16.0,1.0
batch 18,16.2,1.0
batch 18,16.4,1.0
batch 18,16.6,1.0
batch 18,16.8,1.0
batch 18,17.0,1.0
batch 18,17.2,1.0
batch 18,17.4,1.0
batch 18,17.6,1.0
batch 18,17.8,1.0
batch 18,18.0,1.0
batch 18,18.2,1.0
batch 18,18.4,1.0
batch 18,18.6,1.0
batch 18,18.8,1.0
batch 18,19.0,1.0
batch 18,19.2,1.0
batch 18,19.4,1.0
batch 18,19.6,1.0
batch 18,19.8,1.0
batch 18,20.0,1.0
batch 18,20.2,1.0
batch 18,20.4,1.0
batch 18,20.6,1.0
batch 18,20.8,1.0
batch 18,21.0,1.0
batch 18,21.2,1.0
batch 18,21.4,1.0
batch 18,21.6,1.0
batch 18,21.8,1.0
batch 18,22.0,1.0
batch 18,22.2,1.0
batch 18,22.4,1.0
batch 18,22.6,1.0
batch 18,22.8,1.0
batch 18,23.0,1.0
batch 18,23.2,1.0
batch 18,23.4,1.0
batch 18,23.6,1.0
batch 18,23.8,1.0
batch 18,24.0,1.0
batch 18,24.2,1.0
batch 18,24.4,1.0
batch 18,24.6,1.0
batch 19,0.0,1.0
batch 19,0.2,1.0
batch 19,0.4,1.0
batch 19,0.6,1.0
batch 19,0.8,1.0
batch 19,1.0,1.0
batch 19,1.2,1.0
batch 19,1.4,1.0
batch 19,1.6,1.0
batch 19,1.8,1.0
batch 19,2.0,1.0
batch 19,2.2,1.0
batch 19,2.4,1.0
batch 19,2.6,1.0
batch 19,2.8,1.0
batch 19,3.0,1.0
batch 19,3.2,1.0
batch 19,3.4,1.0
batch 19,3.6,1.0
batch 19,3.8,1.0
batch 19,4.0,1.0
batch 19,4.2,1.0
batch 19,4.4,1.0
batch 19,4.6,1.0
batch 19,4.8,1.0
batch 19,5.0,1.0
batch 19,5.2,1.0
batch 19,5.4,1.0
batch 19,5.6,1.0
batch 19,5.8,1.0
batch 19,6.0,1.0
batch 19,6.2,1.0
batch 19,6.4,1.0
batch 19,6.6,1.0
batch 19,6.8,1.0
batch 19,7.0,1.0
batch 19,7.2,1.0
batch 19,7.4,1.0
batch 19,7.6,1.0
batch 19,7.8,1.0
batch 19,8.0,1.0
batch 19,8.2,1.0
batch 19,8.4,1.0
batch 19,8.6,1.0
batch 19,8.8,1.0
batch 19,9.0,1.0
batch 19,9.2,1.0
batch 19,9.4,1.0
batch 19,9.6,1.0
batch 19,9.8,1.0
batch 19,10.0,1.0
batch 19,10.2,1.0
batch 19,10.4,1.0
batch 19,10.6,1.0
batch 19,10.8,1.0
batch 19,11.0,1.0
batch 19,11.2,1.0
batch 19,11.4,1.0
batch 19,11.6,1.0
batch 19,11.8,1.0
batch 19,12.0,1.0
batch 19,12.2,1.0
batch 19,12.4,1.0
batch 19,12.6,1.0
batch 19,12.8,1.0
batch 19,13.0,1.0
batch 19,13.2,1.0
batch 19,13.4,1.0
batch 19,13.6,1.0
batch 19,13.8,1.0
batch 19,14.0,1.0
batch 19,14.2,1.0
batch 19,14.4,1.0
batch 19,14.6,1.0
batch 19,14.8,1.0
batch 19,15.0,1.0
batch 19,15.2,1.0
batch 19,15.4,1.0
batch 19,15.6,1.0
batch 19,15.8,1.0
batch 19,16.0,1.0
batch 19,16.2,1.0
batch 19,16.4,1.0
batch 19,16.6,1.0
batch 19,16.8,1.0
batch 19,17.0,1.0
batch 19,17.2,1.0
batch 19,17.4,1.0
batch 19,17.6,1.0
batch 19,17.8,1.0
batch 19,18.0,1.0
batch 19,18.2,1.0
batch 19,18.4,1.0
batch 19,18.6,1.0
batch 19,18.8,1.0
batch 19,19.0,1.0
batch 19,19.2,1.0
batch 19,19.4,1.0
batch 19,19.6,1.0
batch 19,19.8,1.0
batch 19,20.0,1.0
batch 19,20.2,1.0
batch 19,20.4,1.0
batch 19,20.6,1.0
batch 19,20.8,1.0
batch 19,21.0,1.0
batch 19,21.2,1.0
batch 19,21.4,1.0
batch 19,21.6,1.0
batch 19,21.8,1.0
batch 19,22.0,1.0
batch 19,22.2,1.0
batch 19,22.4,1.0
batch 19,22.6,1.0
batch 19,22.8,1.0
batch 19,23.0,1.0
batch 19,23.2,1.0
batch 19,23.4,1.0
batch 19,23.6,1.0
batch 19,23.8,1.0
batch 19,24.0,1.0
batch 19,24.2,1.0
batch 19,24.4,1.0
batch 19,24.6,1.0
batch 20,0.0,1.0
batch 20,0.2,1.0
batch 20,0.4,1.0
batch 20,0.6,1.0
batch 20,0.8,1.0
batch 20,1.0,1.0
batch 20,1.2,1.0
batch 20,1.4,1.0
batch 20,1.6,1.0
batch 20,1.8,1.0
batch 20,2.0,1.0
batch 20,2.2,1.0
batch 20,2.4,1.0
batch 20,2.6,1.0
batch 20,2.8,1.0
batch 20,3.0,1.0
batch 20,3.2,1.0
batch 20,3.4,1.0
batch 20,3.6,1.0
batch 20,3.8,1.0
batch 20,4.0,1.0
batch 20,4.2,1.0
batch 20,4.4,1.0
batch 20,4.6,1.0
batch 20,4.8,1.0
batch 20,5.0,1.0
batch 20,5.2,1.0
batch 20,5.4,1.0
batch 20,5.6,1.0
batch 20,5.8,1.0
batch 20,6.0,1.0
batch 20,6.2,1.0
batch 20,6.4,1.0
batch 20,6.6,1.0
batch 20,6.8,1.0
batch 20,7.0,1.0
batch 20,7.2,1.0
batch 20,7.4,1.0
batch 20,7.6,1.0
batch 20,7.8,1.0
batch 20,8.0,1.0
batch 20,8.2,1.0
batch 20,8.4,1.0
batch 20,8.6,1.0
batch 20,8.8,1.0
batch 20,9.0,1.0
batch 20,9.2,1.0
batch 20,9.4,1.0
batch 20,9.6,1.0
batch 20,9.8,1.0
batch 20,10.0,1.0
batch 20,10.2,1.0
batch 20,10.4,1.0
batch 20,10.6,1.0
batch 20,10.8,1.0
batch 20,11.0,1.0
batch 20,11.2,1.0
batch 20,11.4,1.0
batch 20,11.6,1.0
batch 20,11.8,1.0
batch 20,12.0,1.0
batch 20,12.2,1.0
batch 20,12.4,1.0
batch 20,12.6,1.0
batch 20,12.8,1.0
batch 20,13.0,1.0
batch 20,13.2,1.0
batch 20,13.4,1.0
batch 20,13.6,1.0
batch 20,13.8,1.0
batch 20,14.0,1.0
batch 20,14.2,1.0
batch 20,14.4,1.0
batch 20,14.6,1.0
batch 20,14.8,1.0
batch 20,15.0,1.0
batch 20,15.2,1.0
batch 20,15.4,1.0
batch 20,15.6,1.0
batch 20,15.8,1.0
batch 20,16.0,1.0
batch 20,16.2,1.0
batch 20,16.4,1.0
batch 20,16.6,1.0
batch 20,16.8,1.0
batch 20,17.0,1.0
batch 20,17.2,1.0
batch 20,17.4,1.0
batch 20,17.6,1.0
batch 20,17.8,1.0
batch 20,18.0,1.0
batch 20,18.2,1.0
batch 20,18.4,1.0
batch 20,18.6,1.0
batch 20,18.8,1.0
batch 20,19.0,1.0
batch 20,19.2,1.0
batch 20,19.4,1.0
batch 20,19.6,1.0
batch 20,19.8,1.0
batch 20,20.0,1.0
batch 20,20.2,1.0
batch 20,20.4,1.0
batch 20,20.6,1.0
batch 20,20.8,1.0
batch 20,21.0,1.0
batch 20,21.2,1.0
batch 20,21.4,1.0
batch 20,21.6,1.0
batch 20,21.8,1.0
batch 20,22.0,1.0
batch 20,22.2,1.0
batch 20,22.4,1.0
batch 20,22.6,1.0
batch 20,22.8,1.0
batch 20,23.0,1.0
batch 20,23.2,1.0
batch 20,23.4,1.0
batch 20,23.6,1.0
batch 20,23.8,1.0
batch 20,24.0,1.0
batch 20,24.2,1.0
batch 20,24.4,1.0
batch 20,24.6,1.0
batch 21,0.0,2.0
batch 21,0.2,2.0
batch 21,0.4,2.0
batch 21,0.6,2.0
batch 21,0.8,2.0
batch 21,1.0,2.0
batch 21,1.2,2.0
batch 21,1.4,2.0
batch 21,1.6,2.0
batch 21,1.8,2.0
batch 21,2.0,2.0
batch 21,2.2,2.0
batch 21,2.4,2.0
batch 21,2.6,2.0
batch 21,2.8,2.0
batch 21,3.0,2.0
batch 21,3.2,2.0
batch 21,3.4,2.0
batch 21,3.6,2.0
batch 21,3.8,2.0
batch 21,4.0,2.0
batch 21,4.2,2.0
batch 21,4.4,2.0
batch 21,4.6,2.0
batch 21,4.8,2.0
batch 21,5.0,2.0
batch 21,5.2,2.0
batch 21,5.4,2.0
batch 21,5.6,2.0
batch 21,5.8,2.0
batch 21,6.0,2.0
batch 21,6.2,2.0
batch 21,6.4,2.0
batch 21,6.6,2.0
batch 21,6.8,2.0
batch 21,7.0,2.0
batch 21,7.2,2.0
batch 21,7.4,2.0
batch 21,7.6,2.0
batch 21,7.8,2.0
batch 21,8.0,2.0
batch 21,8.2,2.0
batch 21,8.4,2.0
batch 21,8.6,2.0
batch 21,8.8,2.0
batch 21,9.0,2.0
batch 21,9.2,2.0
batch 21,9.4,2.0
batch 21,9.6,2.0
batch 21,9.8,2.0
batch 21,10.0,2.0
batch 21,10.2,2.0
batch 21,10.4,2.0
batch 21,10.6,2.0
batch 21,10.8,2.0
batch 21,11.0,2.0
batch 21,11.2,2.0
batch 21,11.4,2.0
batch 21,11.6,2.0
batch 21,11.8,2.0
batch 21,12.0,2.0
batch 21,12.2,2.0
batch 21,12.4,2.0
batch 21,12.6,2.0
batch 21,12.8,2.0
batch 21,13.0,2.0
batch 21,13.2,2.0
batch 21,13.4,2.0
batch 21,13.6,2.0
batch 21,13.8,2.0
batch 21,14.0,2.0
batch 21,14.2,2.0
batch 21,14.4,2.0
batch 21,14.6,2.0
batch 21,14.8,2.0
batch 21,15.0,2.0
batch 21,15.2,2.0
batch 21,15.4,2.0
batch 21,15.6,2.0
batch 21,15.8,2.0
batch 21,16.0,2.0
batch 21,16.2,2.0
batch 21,16.4,2.0
batch 21,16.6,2.0
batch 21,16.8,2.0
batch 21,17.0,2.0
batch 21,17.2,2.0
batch 21,17.4,2.0
batch 21,17.6,2.0
batch 21,17.8,2.0
batch 21,18.0,2.0
batch 21,18.2,2.0
batch 21,18.4,2.0
batch 21,18.6,2.0
batch 21,18.8,2.0
batch 21,19.0,2.0
batch 21,19.2,2.0
batch 21,19.4,2.0
batch 21,19.6,2.0
batch 21,19.8,2.0
batch 21,20.0,2.0
batch 21,20.2,2.0
batch 21,20.4,2.0
batch 21,20.6,2.0
batch 21,20.8,2.0
batch 21,21.0,2.0
batch 21,21.2,2.0
batch 21,21.4,2.0
batch 21,21.6,2.0
batch 21,21.8,2.0
batch 21,22.0,2.0
batch 21,22.2,2.0
batch 21,22.4,2.0
batch 21,22.6,2.0
batch 21,22.8,2.0
batch 21,23.0,2.0
batch 21,23.2,2.0
batch 21,23.4,2.0
batch 21,23.6,2.0
batch 21,23.8,2.0
batch 21,24.0,2.0
batch 21,24.2,2.0
batch 21,24.4,2.0
batch 21,24.6,2.0
batch 22,0.0,2.0
batch 22,0.2,2.0
batch 22,0.4,2.0
batch 22,0.6,2.0
batch 22,0.8,2.0
batch 22,1.0,2.0
batch 22,1.2,2.0
batch 22,1.4,2.0
batch 22,1.6,2.0
batch 22,1.8,2.0
batch 22,2.0,2.0
batch 22,2.2,2.0
batch 22,2.4,2.0
batch 22,2.6,2.0
batch 22,2.8,2.0
batch 22,3.0,2.0
batch 22,3.2,2.0
batch 22,3.4,2.0
batch 22,3.6,2.0
batch 22,3.8,2.0
batch 22,4.0,2.0
batch 22,4.2,2.0
batch 22,4.4,2.0
batch 22,4.6,2.0
batch 22,4.8,2.0
batch 22,5.0,2.0
batch 22,5.2,2.0
batch 22,5.4,2.0
batch 22,5.6,2.0
batch 22,5.8,2.0
batch 22,6.0,2.0
batch 22,6.2,2.0
batch 22,6.4,2.0
batch 22,6.6,2.0
batch 22,6.8,2.0
batch 22,7.0,2.0
batch 22,7.2,2.0
batch 22,7.4,2.0
batch 22,7.6,2.0
batch 22,7.8,2.0
batch 22,8.0,2.0
batch 22,8.2,2.0
batch 22,8.4,2.0
batch 22,8.6,2.0
batch 22,8.8,2.0
batch 22,9.0,2.0
batch 22,9.2,2.0
batch 22,9.4,2.0
batch 22,9.6,2.0
batch 22,9.8,2.0
batch 22,10.0,2.0
batch 22,10.2,2.0
batch 22,10.4,2.0
batch 22,10.6,2.0
batch 22,10.8,2.0
batch 22,11.0,2.0
batch 22,11.2,2.0
batch 22,11.4,2.0
batch 22,11.6,2.0
batch 22,11.8,2.0
batch 22,12.0,2.0
batch 22,12.2,2.0
batch 22,12.4,2.0
batch 22,12.6,2.0
batch 22,12.8,2.0
batch 22,13.0,2.0
batch 22,13.2,2.0
batch 22,13.4,2.0
batch 22,13.6,2.0
batch 22,13.8,2.0
batch 22,14.0,2.0
batch 22,14.2,2.0
batch 22,14.4,2.0
batch 22,14.6,2.0
batch 22,14.8,2.0
batch 22,15.0,2.0
batch 22,15.2,2.0
batch 22,15.4,2.0
batch 22,15.6,2.0
batch 22,15.8,2.0
batch 22,16.0,2.0
batch 22,16.2,2.0
batch 22,16.4,2.0
batch 22,16.6,2.0
batch 22,16.8,2.0
batch 22,17.0,2.0
batch 22,17.2,2.0
batch 22,17.4,2.0
batch 22,17.6,2.0
batch 22,17.8,2.0
batch 22,18.0,2.0
batch 22,18.2,2.0
batch 22,18.4,2.0
batch 22,18.6,2.0
batch 22,18.8,2.0
batch 22,19.0,2.0
batch 22,19.2,2.0
batch 22,19.4,2.0
batch 22,19.6,2.0
batch 22,19.8,2.0
batch 22,20.0,2.0
batch 22,20.2,2.0
batch 22,20.4,2.0
batch 22,20.6,2.0
batch 22,20.8,2.0
batch 22,21.0,2.0
batch 22,21.2,2.0
batch 22,21.4,2.0
batch 22,21.6,2.0
batch 22,21.8,2.0
batch 22,22.0,2.0
batch 22,22.2,2.0
batch 22,22.4,2.0
batch 22,22.6,2.0
batch 22,22.8,2.0
batch 22,23.0,2.0
batch 22,23.2,2.0
batch 22,23.4,2.0
batch 22,23.6,2.0
batch 22,23.8,2.0
batch 22,24.0,2.0
batch 22,24.2,2.0
batch 22,24.4,2.0
batch 22,24.6,2.0
batch 23,0.0,2.0
batch 23,0.2,2.0
batch 23,0.4,2.0
batch 23,0.6,2.0
batch 23,0.8,2.0
batch 23,1.0,2.0
batch 23,1.2,2.0
batch 23,1.4,2.0
batch 23,1.6,2.0
batch 23,1.8,2.0
batch 23,2.0,2.0
batch 23,2.2,2.0
batch 23,2.4,2.0
batch 23,2.6,2.0
batch 23,2.8,2.0
batch 23,3.0,2.0
batch 23,3.2,2.0
batch 23,3.4,2.0
batch 23,3.6,2.0
batch 23,3.8,2.0
batch 23,4.0,2.0
batch 23,4.2,2.0
batch 23,4.4,2.0
batch 23,4.6,2.0
batch 23,4.8,2.0
batch 23,5.0,2.0
batch 23,5.2,2.0
batch 23,5.4,2.0
batch 23,5.6,2.0
batch 23,5.8,2.0
batch 23,6.0,2.0
batch 23,6.2,2.0
batch 23,6.4,2.0
batch 23,6.6,2.0
batch 23,6.8,2.0
batch 23,7.0,2.0
batch 23,7.2,2.0
batch 23,7.4,2.0
batch 23,7.6,2.0
batch 23,7.8,2.0
batch 23,8.0,2.0
batch 23,8.2,2.0
batch 23,8.4,2.0
batch 23,8.6,2.0
batch 23,8.8,2.0
batch 23,9.0,2.0
batch 23,9.2,2.0
batch 23,9.4,2.0
batch 23,9.6,2.0
batch 23,9.8,2.0
batch 23,10.0,2.0
batch 23,10.2,2.0
batch 23,10.4,2.0
batch 23,10.6,2.0
batch 23,10.8,2.0
batch 23,11.0,2.0
batch 23,11.2,2.0
batch 23,11.4,2.0
batch 23,11.6,2.0
batch 23,11.8,2.0
batch 23,12.0,2.0
batch 23,12.2,2.0
batch 23,12.4,2.0
batch 23,12.6,2.0
batch 23,12.8,2.0
batch 23,13.0,2.0
batch 23,13.2,2.0
batch 23,13.4,2.0
batch 23,13.6,2.0
batch 23,13.8,2.0
batch 23,14.0,2.0
batch 23,14.2,2.0
batch 23,14.4,2.0
batch 23,14.6,2.0
batch 23,14.8,2.0
batch 23,15.0,2.0
batch 23,15.2,2.0
batch 23,15.4,2.0
batch 23,15.6,2.0
batch 23,15.8,2.0
batch 23,16.0,2.0
batch 23,16.2,2.0
batch 23,16.4,2.0
batch 23,16.6,2.0
batch 23,16.8,2.0
batch 23,17.0,2.0
batch 23,17.2,2.0
batch 23,17.4,2.0
batch 23,17.6,2.0
batch 23,17.8,2.0
batch 23,18.0,2.0
batch 23,18.2,2.0
batch 23,18.4,2.0
batch 23,18.6,2.0
batch 23,18.8,2.0
batch 23,19.0,2.0
batch 23,19.2,2.0
batch 23,19.4,2.0
batch 23,19.6,2.0
batch 23,19.8,2.0
batch 23,20.0,2.0
batch 23,20.2,2.0
batch 23,20.4,2.0
batch 23,20.6,2.0
batch 23,20.8,2.0
batch 23,21.0,2.0
batch 23,21.2,2.0
batch 23,21.4,2.0
batch 23,21.6,2.0
batch 23,21.8,2.0
batch 23,22.0,2.0
batch 23,22.2,2.0
batch 23,22.4,2.0
batch 23,22.6,2.0
batch 23,22.8,2.0
batch 23,23.0,2.0
batch 23,23.2,2.0
batch 23,23.4,2.0
batch 23,23.6,2.0
batch 23,23.8,2.0
batch 23,24.0,2.0
batch 23,24.2,2.0
batch 23,24.4,2.0
batch 23,24.6,2.0
batch 24,0.0,2.0
batch 24,0.2,2.0
batch 24,0.4,2.0
batch 24,0.6,2.0
batch 24,0.8,2.0
batch 24,1.0,2.0
batch 24,1.2,2.0
batch 24,1.4,2.0
batch 24,1.6,2.0
batch 24,1.8,2.0
batch 24,2.0,2.0
batch 24,2.2,2.0
batch 24,2.4,2.0
batch 24,2.6,2.0
batch 24,2.8,2.0
batch 24,3.0,2.0
batch 24,3.2,2.0
batch 24,3.4,2.0
batch 24,3.6,2.0
batch 24,3.8,2.0
batch 24,4.0,2.0
batch 24,4.2,2.0
batch 24,4.4,2.0
batch 24,4.6,2.0
batch 24,4.8,2.0
batch 24,5.0,2.0
batch 24,5.2,2.0
batch 24,5.4,2.0
batch 24,5.6,2.0
batch 24,5.8,2.0
batch 24,6.0,2.0
batch 24,6.2,2.0
batch 24,6.4,2.0
batch 24,6.6,2.0
batch 24,6.8,2.0
batch 24,7.0,2.0
batch 24,7.2,2.0
batch 24,7.4,2.0
batch 24,7.6,2.0
batch 24,7.8,2.0
batch 24,8.0,2.0
batch 24,8.2,2.0
batch 24,8.4,2.0
batch 24,8.6,2.0
batch 24,8.8,2.0
batch 24,9.0,2.0
batch 24,9.2,2.0
batch 24,9.4,2.0
batch 24,9.6,2.0
batch 24,9.8,2.0
batch 24,10.0,2.0
batch 24,10.2,2.0
batch 24,10.4,2.0
batch 24,10.6,2.0
batch 24,10.8,2.0
batch 24,11.0,2.0
batch 24,11.2,2.0
batch 24,11.4,2.0
batch 24,11.6,2.0
batch 24,11.8,2.0
batch 24,12.0,2.0
batch 24,12.2,2.0
batch 24,12.4,2.0
batch 24,12.6,2.0
batch 24,12.8,2.0
batch 24,13.0,2.0
batch 24,13.2,2.0
batch 24,13.4,2.0
batch 24,13.6,2.0
batch 24,13.8,2.0
batch 24,14.0,2.0
batch 24,14.2,2.0
batch 24,14.4,2.0
batch 24,14.6,2.0
batch 24,14.8,2.0
batch 24,15.0,2.0
batch 24,15.2,2.0
batch 24,15.4,2.0
batch 24,15.6,2.0
batch 24,15.8,2.0
batch 24,16.0,2.0
batch 24,16.2,2.0
batch 24,16.4,2.0
batch 24,16.6,2.0
batch 24,16.8,2.0
batch 24,17.0,2.0
batch 24,17.2,2.0
batch 24,17.4,2.0
batch 24,17.6,2.0
batch 24,17.8,2.0
batch 24,18.0,2.0
batch 24,18.2,2.0
batch 24,18.4,2.0
batch 24,18.6,2.0
batch 24,18.8,2.0
batch 24,19.0,2.0
batch 24,19.2,2.0
batch 24,19.4,2.0
batch 24,19.6,2.0
batch 24,19.8,2.0
batch 24,20.0,2.0
batch 24,20.2,2.0
batch 24,20.4,2.0
batch 24,20.6,2.0
batch 24,20.8,2.0
batch 24,21.0,2.0
batch 24,21.2,2.0
batch 24,21.4,2.0
batch 24,21.6,2.0
batch 24,21.8,2.0
batch 24,22.0,2.0
batch 24,22.2,2.0
batch 24,22.4,2.0
batch 24,22.6,2.0
batch 24,22.8,2.0
batch 24,23.0,2.0
batch 24,23.2,2.0
batch 24,23.4,2.0
batch 24,23.6,2.0
batch 24,23.8,2.0
batch 24,24.0,2.0
batch 24,24.2,2.0
batch 24,24.4,2.0
batch 24,24.6,2.0
batch 25,0.0,2.0
batch 25,0.2,2.0
batch 25,0.4,2.0
batch 25,0.6,2.0
batch 25,0.8,2.0
batch 25,1.0,2.0
batch 25,1.2,2.0
batch 25,1.4,2.0
batch 25,1.6,2.0
batch 25,1.8,2.0
batch 25,2.0,2.0
batch 25,2.2,2.0
batch 25,2.4,2.0
batch 25,2.6,2.0
batch 25,2.8,2.0
batch 25,3.0,2.0
batch 25,3.2,2.0
batch 25,3.4,2.0
batch 25,3.6,2.0
batch 25,3.8,2.0
batch 25,4.0,2.0
batch 25,4.2,2.0
batch 25,4.4,2.0
batch 25,4.6,2.0
batch 25,4.8,2.0
batch 25,5.0,2.0
batch 25,5.2,2.0
batch 25,5.4,2.0
batch 25,5.6,2.0
batch 25,5.8,2.0
batch 25,6.0,2.0
batch 25,6.2,2.0
batch 25,6.4,2.0
batch 25,6.6,2.0
batch 25,6.8,2.0
batch 25,7.0,2.0
batch 25,7.2,2.0
batch 25,7.4,2.0
batch 25,7.6,2.0
batch 25,7.8,2.0
batch 25,8.0,2.0
batch 25,8.2,2.0
batch 25,8.4,2.0
batch 25,8.6,2.0
batch 25,8.8,2.0
batch 25,9.0,2.0
batch 25,9.2,2.0
batch 25,9.4,2.0
batch 25,9.6,2.0
batch 25,9.8,2.0
batch 25,10.0,2.0
batch 25,10.2,2.0
batch 25,10.4,2.0
batch 25,10.6,2.0
batch 25,10.8,2.0
batch 25,11.0,2.0
batch 25,11.2,2.0
batch 25,11.4,2.0
batch 25,11.6,2.0
batch 25,11.8,2.0
batch 25,12.0,2.0
batch 25,12.2,2.0
batch 25,12.4,2.0
batch 25,12.6,2.0
batch 25,12.8,2.0
batch 25,13.0,2.0
batch 25,13.2,2.0
batch 25,13.4,2.0
batch 25,13.6,2.0
batch 25,13.8,2.0
batch 25,14.0,2.0
batch 25,14.2,2.0
batch 25,14.4,2.0
batch 25,14.6,2.0
batch 25,14.8,2.0
batch 25,15.0,2.0
batch 25,15.2,2.0
batch 25,15.4,2.0
batch 25,15.6,2.0
batch 25,15.8,2.0
batch 25,16.0,2.0
batch 25,16.2,2.0
batch 25,16.4,2.0
batch 25,16.6,2.0
batch 25,16.8,2.0
batch 25,17.0,2.0
batch 25,17.2,2.0
batch 25,17.4,2.0
batch 25,17.6,2.0
batch 25,17.8,2.0
batch 25,18.0,2.0
batch 25,18.2,2.0
batch 25,18.4,2.0
batch 25,18.6,2.0
batch 25,18.8,2.0
batch 25,19.0,2.0
batch 25,19.2,2.0
batch 25,19.4,2.0
batch 25,19.6,2.0
batch 25,19.8,2.0
batch 25,20.0,2.0
batch 25,20.2,2.0
batch 25,20.4,2.0
batch 25,20.6,2.0
batch 25,20.8,2.0
batch 25,21.0,2.0
batch 25,21.2,2.0
batch 25,21.4,2.0
batch 25,21.6,2.0
batch 25,21.8,2.0
batch 25,22.0,2.0
batch 25,22.2,2.0
batch 25,22.4,2.0
batch 25,22.6,2.0
batch 25,22.8,2.0
batch 25,23.0,2.0
batch 25,23.2,2.0
batch 25,23.4,2.0
batch 25,23.6,2.0
batch 25,23.8,2.0
batch 25,24.0,2.0
batch 25,24.2,2.0
batch 25,24.4,2.0
batch 25,24.6,2.0
